아파트명,도로명주소,경도,위도
브르넨삼성,서울특별시 강남구 영동대로122길 2,127.0594184,37.516764
위레벤646,서울특별시 강남구 영동대로 646,127.0578295,37.5196629
N168,서울특별시 강남구 학동로 168,127.029409,37.51311643
세곡2지구 도시형생활주택(유현리엔아파트),서울특별시 강남구 밤고개로21길 56,127.11274,37.47316459
도곡스타클래스,서울특별시 강남구 남부순환로 2615,127.035879,37.48520138
럭키(462),서울특별시 강남구 남부순환로 2740,127.0462708,37.48614909
삼성래미안,서울특별시 강남구 남부순환로 2803,127.0506487,37.48978592
포이벨리,서울특별시 강남구 양재대로 379,127.0552155,37.47460827
SK허브프리모,서울특별시 강남구 강남대로 240,127.0343855,37.48527638
대우디오빌,서울특별시 강남구 강남대로 256,127.0335528,37.48643263
도곡푸르지오 102동,서울특별시 강남구 강남대로 272,127.0328745,37.4877709
역삼디오슈페리움,서울특별시 강남구 강남대로 324,127.0309529,37.49214635
현대썬앤빌,서울특별시 강남구 도산대로 225,127.0313875,37.52109218
"청학아파트 에이동,비동,씨동",서울특별시 강남구 도산대로 232,127.0327854,37.52068013
휴먼스타빌,서울특별시 강남구 도산대로 454,127.0460556,37.5236842
서울개포상록스타힐스아파트,서울특별시 강남구 영동대로 16,127.0761319,37.48822092
디에이치자이개포,서울특별시 강남구 영동대로 22,127.0751005,37.4909925
"쌍용대치아파트1동, 2동, 3동, 5동, 6동",서울특별시 강남구 영동대로 210,127.0710621,37.4980932
쌍용대치2,서울특별시 강남구 영동대로 220,127.0708744,37.49960404
"대치우성아파트1동, 2동, 3동, 5동, 6동, 7동",서울특별시 강남구 영동대로 230,127.0692542,37.50015644
S-TOWER,서울특별시 강남구 영동대로 325,127.065533,37.50334035
풍림아이원4차(1007-2),서울특별시 강남구 영동대로 330-7,127.066787,37.50424198
미켈란107,서울특별시 강남구 영동대로 602,127.060484,37.51472139
아이파크,서울특별시 강남구 영동대로 640,127.0593657,37.51834807
개포6차우성아파트1동~8동,서울특별시 강남구 언주로 3,127.0572181,37.4761557
쌍용,서울특별시 강남구 언주로 101,127.0532734,37.4810519
전화국현대(220),서울특별시 강남구 언주로 103,127.0528944,37.48133366
개포현대200동,서울특별시 강남구 언주로 105,127.0526732,37.48168213
현대2,서울특별시 강남구 언주로 107,127.0513647,37.4824657
개포경남,서울특별시 강남구 언주로 110,127.0541709,37.48464863
우성4,서울특별시 강남구 언주로 117,127.0492988,37.48534961
대우디오빌,서울특별시 강남구 언주로 427,127.0427291,37.5014909
우성캐릭터199,서울특별시 강남구 언주로 118,127.0518809,37.48663875
우성캐릭터빌,서울특별시 강남구 언주로 122,127.0510032,37.48708489
한신(개포),서울특별시 강남구 언주로 123,127.0488297,37.48673183
매봉삼성,서울특별시 강남구 언주로 203,127.0487309,37.489173
대림역삼,서울특별시 강남구 언주로 316,127.0462899,37.49622804
상지리츠빌(1호라인),서울특별시 강남구 언주로 320,127.0459687,37.49654651
상지리츠빌(2호라인),서울특별시 강남구 언주로 322,127.0458853,37.49673292
역삼푸르지오,서울특별시 강남구 언주로 332,127.0469425,37.49790238
역삼자이,서울특별시 강남구 언주로 420,127.0444389,37.50049879
개나리6,서울특별시 강남구 언주로 406,127.0437125,37.50134225
시티프라디움더강남201동,서울특별시 강남구 언주로 555,127.0393678,37.50718589
시티프라디움 더 강남 101동,서울특별시 강남구 언주로 557,127.0391219,37.50743808
아크로힐스논현,서울특별시 강남구 언주로 604,127.0389474,37.50950195
논현 아이파크,서울특별시 강남구 언주로 615,127.0358688,37.51058794
현대인텔렉스,서울특별시 강남구 언주로 620,127.0363519,37.51162003
펜트힐루논현,서울특별시 강남구 언주로 641,127.0348455,37.51388227
한신엠비씨,서울특별시 강남구 논현로 205,127.0405553,37.48718407
경남,서울특별시 강남구 논현로 209,127.0408189,37.48898017
럭키(963),서울특별시 강남구 논현로 213,127.0399521,37.49051915
삼익,서울특별시 강남구 논현로 218,127.0422783,37.49080422
현대휴먼터치빌,서울특별시 강남구 논현로 565,127.0337434,37.50650138
KIRIN HILLS,서울특별시 강남구 논현로 661,127.0308627,37.51292727
개포 래미안 포레스트,서울특별시 강남구 개포로 264,127.054344,37.47839327
현대1차101동~106동,서울특별시 강남구 개포로 303,127.0544743,37.4826201
개포우성3차,서울특별시 강남구 개포로 307,127.0560187,37.4839645
"우성9차아파트 901동, 902동",서울특별시 강남구 개포로 311,127.0572773,37.48475903
상지리츠빌,서울특별시 강남구 개포로 405,127.0602818,37.48717704
현대3,서울특별시 강남구 개포로 409,127.0608554,37.48783257
우성8,서울특별시 강남구 개포로 411,127.0624465,37.48814259
개포주공 6단지,서울특별시 강남구 개포로 516,127.0715211,37.48904408
개포주공 7단지,서울특별시 강남구 개포로 516,127.0715211,37.48904408
탄천직원아파트,서울특별시 강남구 개포로 625,127.082691,37.49776226
논현동역세권청년임대주택,서울특별시 강남구 봉은사로 125,127.0274517,37.50575571
역삼동하나빌,서울특별시 강남구 봉은사로 312,127.0412897,37.50923041
삼성동신영지웰,서울특별시 강남구 봉은사로 448,127.0488352,37.51145641
쌍용플래티넘,서울특별시 강남구 봉은사로 474,127.0520654,37.51244477
포스코트,서울특별시 강남구 봉은사로 510,127.0549717,37.51305971
미켈란147,서울특별시 강남구 봉은사로 516,127.0559397,37.51317205
삼성동라테라스,서울특별시 강남구 봉은사로 645,127.0658223,37.51558927
디에이치아너힐즈,서울특별시 강남구 삼성로 11,127.0673202,37.48404645
한보미도맨션,서울특별시 강남구 삼성로 150,127.0671586,37.49349848
"선경1,2차",서울특별시 강남구 삼성로 151,127.0622533,37.49229954
은마,서울특별시 강남구 삼성로 212,127.0653334,37.4974614
포스코더샵,서울특별시 강남구 삼성로 417,127.0570661,37.50400475
채널리저브,서울특별시 강남구 삼성로 517,127.0553957,37.50800295
삼성동센트럴아이파크,서울특별시 강남구 삼성로 629,127.0511229,37.51541341
상지리츠빌카일룸(65-4),서울특별시 강남구 삼성로 636,127.0516938,37.51682413
래미안라클래시,서울특별시 강남구 삼성로 651,127.0499783,37.51750819
래미안블레스티지,서울특별시 강남구 선릉로 8,127.0647382,37.48135783
개포우성1,서울특별시 강남구 선릉로 120,127.0599769,37.49112153
개포우성2,서울특별시 강남구 선릉로 120,127.0574487,37.49087408
동부센트레빌,서울특별시 강남구 선릉로 206,127.05571,37.49279922
도곡렉슬,서울특별시 강남구 선릉로 221,127.0506687,37.49353526
대치아이파크,서울특별시 강남구 선릉로 222,127.0546229,37.49493895
테라힐스,서울특별시 강남구 선릉로 307,127.0523591,37.49682247
동부센트레빌,서울특별시 강남구 선릉로 423,127.0494903,37.50253225
호산프라자,서울특별시 강남구 선릉로 604,127.0439677,37.51098293
삼성동브라운스톤레전드,서울특별시 강남구 선릉로 660,127.0423132,37.51549424
현대아파트,서울특별시 강남구 선릉로 748,127.0405655,37.52143227
미성2차,서울특별시 강남구 압구정로 113,127.0190454,37.52382745
한양8(81동한개동),서울특별시 강남구 압구정로 403,127.0422803,37.53004873
압구정신현대,서울특별시 강남구 압구정로 151,127.0243476,37.52773483
"현대6,7차",서울특별시 강남구 압구정로 201,127.0308728,37.52977365
현대65동(대림아크로빌아파트),서울특별시 강남구 압구정로 201,127.0322259,37.53145305
현대8차(성수현대:91~95동),서울특별시 강남구 압구정로 309,127.0353082,37.53100685
한양4,서울특별시 강남구 압구정로 313,127.0368645,37.5308956
한양6,서울특별시 강남구 압구정로 313,127.0363687,37.52968056
한양1차(영동한양),서울특별시 강남구 압구정로 321,127.0387541,37.53028711
한양3,서울특별시 강남구 압구정로 321,127.0380657,37.52917487
한양2,서울특별시 강남구 압구정로 347,127.0405094,37.52980376
한양5,서울특별시 강남구 압구정로 401,127.0421303,37.52909823
에스케이허브젠,서울특별시 강남구 역삼로 109,127.0310043,37.49368208
브라운스톤역삼,서울특별시 강남구 역삼로 171,127.0378819,37.4956543
명인갤러리2차,서울특별시 강남구 역삼로 237,127.042351,37.49761111
세방하이빌1,서울특별시 강남구 역삼로 240,127.0428039,37.49735097
세방하이빌2,서울특별시 강남구 역삼로 240-1,127.0429753,37.49702534
개나리래미안,서울특별시 강남구 역삼로 306,127.0464194,37.49863285
역삼 I'PARK,서울특별시 강남구 역삼로 307,127.0466544,37.49958974
역삼센트럴2차아이파크,서울특별시 강남구 역삼로 307-1,127.0465053,37.50000649
래미안펜타빌,서울특별시 강남구 역삼로 309,127.0474279,37.50059949
개나리 푸르지오,서울특별시 강남구 역삼로 314,127.0499421,37.49970789
개나리SK뷰,서울특별시 강남구 역삼로 315-1,127.0499,37.50138807
아티스톤대치,서울특별시 강남구 역삼로 409,127.0517566,37.50112344
풍림아이원1차,서울특별시 강남구 역삼로 436,127.0548211,37.50163765
신성미소시티,서울특별시 강남구 역삼로 451,127.0564266,37.50259865
대치동더블유타워,서울특별시 강남구 역삼로 555,127.0633748,37.50500638
샘터마을,서울특별시 강남구 일원로 120,127.0825655,37.4843333
가람,서울특별시 강남구 일원로 127,127.0854504,37.48252346
현대타워(13층-27층),서울특별시 강남구 테헤란로 423,127.0530357,37.50621372
테헤란로대우아이빌(891-6),서울특별시 강남구 테헤란로 428,127.0541777,37.50570274
마일스디오빌,서울특별시 강남구 학동로 165,127.0289783,37.51386523
논현파라곤,서울특별시 강남구 학동로 338,127.040439,37.51649284
청담래미안,서울특별시 강남구 학동로 405,127.0427537,37.51791548
삼성월드타워,서울특별시 강남구 학동로 408,127.0440825,37.51747307
청담우방아파트,서울특별시 강남구 학동로 409,127.043919,37.51811174
삼성동씨엘케이,서울특별시 강남구 학동로 410,127.044387,37.51746436
석탑아파트101동,서울특별시 강남구 학동로 412,127.044965,37.51741544
푸른솔아파트1동,서울특별시 강남구 학동로 420,127.0460196,37.51782069
삼성동롯데아파트,서울특별시 강남구 학동로 432,127.0486913,37.5177112
청담파크빌,서울특별시 강남구 학동로 437-5,127.0487252,37.51901713
진흥아파트,서울특별시 강남구 학동로 513,127.0537632,37.51992217
강남웅진베어스빌,서울특별시 강남구 도곡로 113,127.0328432,37.4901798
도곡루아르,서울특별시 강남구 도곡로 128,127.0343887,37.49006264
삼호,서울특별시 강남구 도곡로 242,127.0459283,37.49353529
래미안그레이튼(진달래2차),서울특별시 강남구 도곡로 306,127.0479376,37.49418693
래미안도곡카운티,서울특별시 강남구 도곡로 320,127.0502439,37.49499745
롯데캐슬리베,서울특별시 강남구 도곡로 404,127.0540255,37.49625735
삼환SOGOOD,서울특별시 강남구 도곡로 413,127.0556344,37.49756479
상지리츠빌카일룸(1009-4),서울특별시 강남구 도곡로 603,127.0681433,37.50160907
세곡푸르지오,서울특별시 강남구 자곡로 21,127.0931293,37.46670426
시니어스홈,서울특별시 강남구 자곡로 100-2,127.0957202,37.47151908
지고하임(102동),서울특별시 강남구 강남대로136길 40,127.0236369,37.51373651
래미안강남힐즈,서울특별시 강남구 자곡로 101,127.0938574,37.47412202
엘에이치강남8단지,서울특별시 강남구 자곡로 154,127.1007735,37.47232056
엘에이치강남아이파크,서울특별시 강남구 자곡로 175,127.1015903,37.47484492
강남한양수자인(4단지),서울특별시 강남구 자곡로 260,127.1124898,37.47536674
거평프리젠,서울특별시 강남구 강남대로112길 41,127.0276546,37.50632269
우성,서울특별시 강남구 강남대로120길 58,127.0280527,37.50755611
월드쉐르빌,서울특별시 강남구 강남대로124길 51,127.0260715,37.51028186
세호시티라이프,서울특별시 강남구 강남대로128길 27,127.0243395,37.51042009
힐타워,서울특별시 강남구 강남대로132길 26,127.0231124,37.51240379
네오빌,서울특별시 강남구 강남대로132길 42,127.0244373,37.51277391
애플타운,서울특별시 강남구 강남대로146길 13,127.0211888,37.5150011
신동아(22),서울특별시 강남구 강남대로146길 28,127.0226474,37.51467262
천지인수지빌,서울특별시 강남구 강남대로160길 33,127.0213198,37.52028256
신사동씨티빌,서울특별시 강남구 강남대로162길 27-26,127.0206746,37.52104929
Ruden House,서울특별시 강남구 강남대로162길 41-8,127.0215699,37.52144605
도곡그린빌,서울특별시 강남구 강남대로44길 24,127.0357889,37.48614339
삼경하이빌2,서울특별시 강남구 강남대로48길 15,127.0343975,37.48707312
조이너스 도곡,서울특별시 강남구 강남대로48길 24,127.0351035,37.48698992
도곡푸르지오,서울특별시 강남구 강남대로54길 6,127.0332074,37.48784608
대우디오빌플러스,서울특별시 강남구 강남대로84길 33,127.0310587,37.49760597
뉴엠빌라트,서울특별시 강남구 강남대로94길 27-7,127.0293012,37.50030016
프리우스 역삼 101동,서울특별시 강남구 강남대로94길 51-14,127.0310482,37.50136072
SH대치1단지 아파트,서울특별시 강남구 개포로109길 5,127.0741502,37.49300416
성원대치2단지일반분양(11개동),서울특별시 강남구 개포로109길 9,127.0751123,37.49480509
삼익대청아파트 301동 ~ 306동,서울특별시 강남구 개포로109길 21,127.0770328,37.49520537
개포자이(12-2),서울특별시 강남구 개포로109길 69,127.0765698,37.49641047
우성7,서울특별시 강남구 개포로110길 15,127.0782172,37.49232123
현대4,서울특별시 강남구 개포로110길 21,127.077324,37.4909569
디에이치 포레센트,서울특별시 강남구 개포로110길 38,127.0786686,37.49024879
개포한신,서울특별시 강남구 개포로110길 43,127.0791288,37.49124137
래미안개포루체하임,서울특별시 강남구 개포로110길 50,127.0798804,37.48938526
삼성,서울특별시 강남구 개포로124길 27,127.0837559,37.49293029
개포현대6차,서울특별시 강남구 개포로15길 32-8,127.0459784,37.47979078
리치타운,서울특별시 강남구 개포로28길 28,127.0503329,37.47730864
우찬현대(1260-11),서울특별시 강남구 개포로31길 3-12,127.0488913,37.47936447
우찬현대(1260-4),서울특별시 강남구 개포로31길 9-5,127.0491251,37.47955427
우찬현대(1260-2),서울특별시 강남구 개포로31길 9-9,127.0487779,37.47951768
한솔마을,서울특별시 강남구 광평로10길 6,127.0778553,37.48187341
상록수,서울특별시 강남구 광평로10길 15,127.0820868,37.48202474
까치마을,서울특별시 강남구 광평로19길 10,127.0876696,37.48488052
목련타운,서울특별시 강남구 광평로19길 15,127.0856715,37.48472052
삼성,서울특별시 강남구 광평로31길 27,127.0908822,37.48485589
강남 더샵 포레스트,서울특별시 강남구 광평로34길 35,127.0948785,37.48130347
강남데시앙포레,서울특별시 강남구 광평로34길 55,127.0908928,37.48101874
동익,서울특별시 강남구 광평로39길 3,127.0969287,37.48544103
신동아,서울특별시 강남구 광평로47길 17,127.098699,37.48707466
수서한아름,서울특별시 강남구 광평로51길 22,127.1039681,37.48955323
삼익아파트401동~405동,서울특별시 강남구 광평로51길 27,127.1008421,37.48919293
수서1,서울특별시 강남구 광평로51길 49,127.0999033,37.49110716
수서6,서울특별시 강남구 광평로56길 11,127.1050327,37.48750181
하니움,서울특별시 강남구 광평로60길 32,127.1071281,37.48663289
도곡동 STAY77,서울특별시 강남구 남부순환로351길 4,127.0349476,37.4851537
원팰리스,서울특별시 강남구 남부순환로351길 23,127.0340044,37.48624878
도곡하이빌,서울특별시 강남구 남부순환로363길 9-6,127.0375718,37.48595382
도곡쌍용예가,서울특별시 강남구 남부순환로363길 30,127.0382302,37.48755803
역삼우성,서울특별시 강남구 남부순환로363길 49,127.0367491,37.48847107
중명하니빌,서울특별시 강남구 남부순환로365길 5,127.0388015,37.4859674
한라비발디,서울특별시 강남구 남부순환로365길 33,127.0392024,37.48763617
도곡스타빌,서울특별시 강남구 남부순환로370길 20,127.0425584,37.48412069
도곡지웰카운티 101동,서울특별시 강남구 남부순환로373길 3,127.043578,37.48635841
리치아르떼빌,서울특별시 강남구 남부순환로373길 4,127.0440103,37.4864086
도곡지웰카운티 102동,서울특별시 강남구 남부순환로373길 9,127.0435723,37.48679306
월드메르디앙102동,서울특별시 강남구 남부순환로373길 14,127.0439226,37.48692222
월드메르디앙101동,서울특별시 강남구 남부순환로373길 15,127.0435898,37.48712093
이니그마빌-III,서울특별시 강남구 남부순환로373길 21,127.0433864,37.48736803
상지리츠빌 카일룸,서울특별시 강남구 남부순환로373길 23,127.0438246,37.48786564
PLUMHILLS,서울특별시 강남구 남부순환로373길 26,127.044122,37.48758636
벨라빌,서울특별시 강남구 남부순환로375길 6,127.0446359,37.48666829
도곡현대힐스테이트 102동,서울특별시 강남구 남부순환로377길 18,127.0456244,37.4874855
도곡현대힐스테이트 105동,서울특별시 강남구 남부순환로377길 22,127.0453587,37.48766679
현대파크빌라,서울특별시 강남구 남부순환로377길 25,127.0445786,37.48764822
힐데스하임빌라,서울특별시 강남구 남부순환로377길 26,127.0449748,37.48802154
로덴하우스 이스트빌리지,서울특별시 강남구 남부순환로378길 9,127.0468889,37.4856712
로덴하우스 웨스트빌리지,서울특별시 강남구 남부순환로378길 11,127.0465455,37.48553418
삼성,서울특별시 강남구 남부순환로379길 14,127.0464303,37.48871261
도곡현대힐스테이트 101동,서울특별시 강남구 남부순환로379길 15,127.045984,37.48771232
도곡현대힐스테이트 103동,서울특별시 강남구 남부순환로379길 19,127.0456088,37.48792794
현대향목빌라트,서울특별시 강남구 남부순환로379길 26,127.0456635,37.48857475
그랜빌캐슬,서울특별시 강남구 남부순환로379길 35,127.0448258,37.48871688
포스코트,서울특별시 강남구 남부순환로381길 15,127.0478009,37.48797204
울트라멤버스,서울특별시 강남구 남부순환로381길 25,127.0467835,37.48772016
필로스(193-45),서울특별시 강남구 남부순환로381길 57,127.0442898,37.48696925
청암빌라트,서울특별시 강남구 남부순환로391길 7,127.0571738,37.49246888
선경3차,서울특별시 강남구 남부순환로395길 10,127.0609267,37.49418872
미도맨션3차,서울특별시 강남구 남부순환로397길 5,127.0617629,37.4945671
역삼동칼라,서울특별시 강남구 논현로101길 6,127.0344817,37.50475831
역삼동골든베리힐,서울특별시 강남구 논현로102길 4,127.0356445,37.5046994
리치타워,서울특별시 강남구 논현로105길 52,127.029953,37.50535997
휴먼스페이스,서울특별시 강남구 논현로111길 3,127.0332105,37.50766933
이산,서울특별시 강남구 논현로111길 34,127.0306936,37.5072031
논현동한화꿈에그린,서울특별시 강남구 논현로111길 39,127.0305708,37.50687614
논현동프라임,서울특별시 강남구 논현로113길 5,127.0328329,37.50827834
리더스빌,서울특별시 강남구 논현로113길 7,127.0324313,37.50819843
신동아,서울특별시 강남구 논현로118길 17,127.0340277,37.51032849
논현아트빌,서울특별시 강남구 논현로124길 7,127.0322706,37.51243466
두영,서울특별시 강남구 논현로124길 8,127.0323868,37.51218377
학동,서울특별시 강남구 논현로124길 28,127.0338132,37.51261188
브라이튼N40,서울특별시 강남구 논현로131길 44,127.026592,37.51415168
하우트리스,서울특별시 강남구 논현로131길 45,127.0267309,37.51344872
한양빌라트,서울특별시 강남구 논현로140길 22,127.0313256,37.5169612
대성아파트,서울특별시 강남구 논현로151길 45,127.0243962,37.51946933
청림빌,서울특별시 강남구 논현로153길 42,127.0247728,37.52065082
압구정화이트빌,서울특별시 강남구 논현로154길 11,127.0290437,37.52179846
압구정 Ainvill,서울특별시 강남구 논현로154길 12,127.0292408,37.52151791
한양아파트,서울특별시 강남구 논현로157길 29,127.0258763,37.52193766
토미,서울특별시 강남구 논현로158길 17,127.0297632,37.52222349
하야트빌,서울특별시 강남구 논현로159길 56,127.023789,37.5218392
장자울아파트,서울특별시 강남구 논현로160길 20,127.0297262,37.52249534
아람손프라자/비바빌,서울특별시 강남구 논현로2길 22,127.0523888,37.47281532
새롬(1164-12),서울특별시 강남구 논현로2길 34,127.0529617,37.47317811
새롬(1164-13),서울특별시 강남구 논현로2길 36,127.0531017,37.47327899
새롬(1164-14),서울특별시 강남구 논현로2길 38,127.0532475,37.47336987
한림,서울특별시 강남구 논현로2길 50,127.0541181,37.47393923
뉴현대파크빌,서울특별시 강남구 논현로2길 61-4,127.0548221,37.47482428
리더스,서울특별시 강남구 논현로2길 62,127.0548157,37.47438829
그린빌리지,서울특별시 강남구 논현로4길 28,127.0523609,37.47320659
포이현대빌라트,서울특별시 강남구 논현로4길 50,127.0537511,37.47409574
현대그린1,서울특별시 강남구 논현로51길 25,127.0393752,37.48884104
강남서해더블루,서울특별시 강남구 논현로63길 16,127.0391145,37.49289408
리츠빌,서울특별시 강남구 논현로64길 28,127.0426363,37.4936174
역삼이안애에이,서울특별시 강남구 논현로70길 14,127.0409346,37.49519142
역삼이안애비,서울특별시 강남구 논현로70길 16,127.0411413,37.49525168
불루밍코트,서울특별시 강남구 논현로71길 46,127.0358834,37.49422108
지석천평대,서울특별시 강남구 논현로71길 48,127.0356729,37.49414981
경일역삼,서울특별시 강남구 논현로72길 32,127.0420296,37.49613777
베스젠빌,서울특별시 강남구 논현로97길 74,127.030473,37.50271522
광평하우스빌,서울특별시 강남구 도곡로11길 10,127.0357686,37.49155049
역삼르비앙1,서울특별시 강남구 도곡로11길 13,127.0353384,37.49178337
롯데캐슬노블,서울특별시 강남구 도곡로13길 19,127.0358035,37.49222088
롯데캐슬모닝,서울특별시 강남구 도곡로14길 12,127.0366292,37.49022984
파크힐,서울특별시 강남구 도곡로14길 14-1,127.0370276,37.48983336
도곡3차아이파크,서울특별시 강남구 도곡로14길 21,127.0377963,37.48990133
도곡3차아이파크,서울특별시 강남구 도곡로14길 27,127.0377819,37.48922968
도곡2차 I-PARK,서울특별시 강남구 도곡로14길 28,127.0370346,37.48918904
거평빌라트,서울특별시 강남구 도곡로17길 12,127.0375529,37.4921698
현대아파트 1동~3동,서울특별시 강남구 도곡로18길 34,127.0379741,37.48884199
현대아파트 1동~3동,서울특별시 강남구 도곡로18길 35,127.0391131,37.48928217
노블카운티,서울특별시 강남구 도곡로19길 13,127.0378146,37.49258084
강남한솔,서울특별시 강남구 도곡로19길 17,127.0378047,37.49275624
경인리빙텔,서울특별시 강남구 도곡로1길 22,127.0309235,37.4917606
역삼동월드메르디앙,서울특별시 강남구 도곡로21길 15,127.0384431,37.49276636
세종빌라트,서울특별시 강남구 도곡로23길 31,127.0387947,37.49417707
우성빌라트,서울특별시 강남구 도곡로23길 32,127.0391613,37.4943779
TREE HOUSE,서울특별시 강남구 도곡로23길 33,127.0386875,37.49442715
삼경하이빌1,서울특별시 강남구 도곡로2길 46,127.0345915,37.48711697
갤러리하우스,서울특별시 강남구 도곡로33길 16,127.0434671,37.49442756
한스빌(836),서울특별시 강남구 도곡로3길 26,127.0329087,37.49197521
래미안그레이튼,서울특별시 강남구 도곡로43길 20,127.0482985,37.49666608
래미안그레이튼(진달래2차),서울특별시 강남구 도곡로43길 21,127.0472895,37.49522681
상지리츠빌역삼2차,서울특별시 강남구 도곡로43길 37,127.0463795,37.49671873
하이페리온,서울특별시 강남구 도곡로4길 31,127.0350067,37.48870221
트레벨,서울특별시 강남구 도곡로57길 9-7,127.0504055,37.49613178
역삼2차아이파크,서울특별시 강남구 도곡로57길 12,127.0514918,37.49676268
동민맥스빌B동,서울특별시 강남구 도곡로69길 7,127.0558928,37.49791954
청원,서울특별시 강남구 도곡로69길 16,127.0559771,37.49843455
현대아이리스1,서울특별시 강남구 도곡로6길 14,127.0341843,37.48932898
대명비발디,서울특별시 강남구 도곡로6길 18,127.0343342,37.48907229
한티(933-0),서울특별시 강남구 도곡로73길 18,127.0571138,37.49898128
삼성3차,서울특별시 강남구 도곡로78길 13,127.0598857,37.49749656
대치삼성,서울특별시 강남구 도곡로78길 22,127.0582317,37.49652455
금호어울림,서울특별시 강남구 도곡로7길 22,127.0349534,37.49202551
역삼열성카이스빌,서울특별시 강남구 도곡로7길 23,127.034105,37.49208716
래미안 대치 하이스턴,서울특별시 강남구 도곡로93길 12,127.0655403,37.50106719
르엘대치,서울특별시 강남구 도곡로93길 23,127.0640672,37.50158966
대우멤버스카운티Ⅱ,서울특별시 강남구 도산대로100길 22-15,127.0515099,37.52261937
청담대우로얄카운티5차,서울특별시 강남구 도산대로100길 30,127.0523044,37.52262942
상지리츠빌(127-16),서울특별시 강남구 도산대로101길 15,127.0524873,37.52609615
상지리츠빌5B,서울특별시 강남구 도산대로101길 17-5,127.0523435,37.52635837
청담현대3차아파트,서울특별시 강남구 도산대로101길 29,127.0530843,37.52693895
구산,서울특별시 강남구 도산대로101길 34,127.0539065,37.52668965
상지카일룸,서울특별시 강남구 도산대로101길 38,127.0542092,37.52681493
신사파크빌A동,서울특별시 강남구 도산대로23길 18,127.02624,37.52028526
논현인텔(9-2),서울특별시 강남구 도산대로24길 19,127.0268846,37.51764863
신사파크빌B동,서울특별시 강남구 도산대로25길 15-17,127.026493,37.52041112
프라임,서울특별시 강남구 도산대로30길 56,127.0305907,37.5162096
리갈팰리스,서울특별시 강남구 도산대로35길 46,127.0307126,37.52378116
한진로즈힐,서울특별시 강남구 도산대로46길 21,127.0371335,37.52067819
쌍용,서울특별시 강남구 도산대로50길 43,127.0381379,37.5196262
논현한가람빌라트,서울특별시 강남구 도산대로50길 54,127.0375076,37.51876398
골든캐슬,서울특별시 강남구 도산대로54길 48-8,127.0388511,37.51967331
에비뉴나인티,서울특별시 강남구 도산대로59길 24,127.0425345,37.52518514
청담동마크노빌,서울특별시 강남구 도산대로59길 25,127.0422153,37.52550622
아노스카운트빌라트,서울특별시 강남구 도산대로61길 13,127.0427574,37.52483977
이니그마빌2,서울특별시 강남구 도산대로61길 19,127.0429358,37.52522498
퍼즐하우스,서울특별시 강남구 도산대로67길 13-12,127.0436168,37.52525189
"청담2차 이-편한세상(201동,202동,203동)",서울특별시 강남구 도산대로70길 25,127.0454037,37.5214569
청담2차 이-편한세상(204동),서울특별시 강남구 도산대로70길 43,127.0450779,37.52061438
청담2차 이-편한세상(205동),서울특별시 강남구 도산대로78길 51,127.0461995,37.52077074
대우로얄카운티2,서울특별시 강남구 도산대로81길 26,127.0475746,37.52605174
신동아빌라트,서울특별시 강남구 도산대로81길 61,127.0449198,37.52732963
청담매스터빌,서울특별시 강남구 도산대로81길 69,127.0443181,37.52749973
청담8차상지리츠빌,서울특별시 강남구 도산대로83길 22,127.048575,37.52570747
대우로얄카운티3,서울특별시 강남구 도산대로83길 23,127.0480981,37.52590211
청담로얄카운티,서울특별시 강남구 도산대로83길 27,127.0482145,37.52627861
대우리츠카운티,서울특별시 강남구 도산대로83길 35,127.0485209,37.52668413
청담동현대빌라트,서울특별시 강남구 도산대로83길 36,127.0490789,37.52665148
삼호빌라A동,서울특별시 강남구 도산대로83길 43,127.0487519,37.52724947
삼호빌라B동,서울특별시 강남구 도산대로83길 49,127.0489398,37.52773333
삼호빌라씨동,서울특별시 강남구 도산대로83길 55,127.0489059,37.52809977
씨티3차,서울특별시 강남구 도산대로83길 58,127.0495354,37.52819621
상지리츠빌10차,서울특별시 강남구 도산대로85길 24,127.0495316,37.52602987
청담 신원아침도시마인,서울특별시 강남구 도산대로85길 30,127.0496801,37.52644043
청담대우멤버스카운티8차,서울특별시 강남구 도산대로85길 50-10,127.0509021,37.527362
청담대우멤버스카운티7차,서울특별시 강남구 도산대로85길 50-14,127.0511844,37.52714527
상지리츠빌6,서울특별시 강남구 도산대로85길 52,127.0502536,37.52776457
목화,서울특별시 강남구 도산대로85길 53,127.049903,37.52812394
현대한강빌라,서울특별시 강남구 도산대로85길 56,127.0502585,37.52807829
청담대우멤버스카운티11차,서울특별시 강남구 도산대로87길 23,127.0499601,37.52610402
청담대우멤버스카운티10차,서울특별시 강남구 도산대로87길 34,127.0505612,37.52672453
청담대우멤버스카운티6차,서울특별시 강남구 도산대로87길 38,127.0507688,37.52703946
범신칼릭스빌,서울특별시 강남구 도산대로89길 12,127.0508632,37.52526904
청담범신칼릭스빌2차,서울특별시 강남구 도산대로89길 35,127.0517901,37.52677265
상지리츠빌5A,서울특별시 강남구 도산대로89길 36,127.052064,37.52653421
청담(건영),서울특별시 강남구 도산대로89길 49,127.0521544,37.52757
대우유로카운티,서울특별시 강남구 도산대로92길 10,127.0496192,37.52353486
청담디에브스아파트,서울특별시 강남구 도산대로92길 28,127.0491647,37.52282012
삼성청담공원아파트,서울특별시 강남구 도산대로96길 39,127.0504541,37.52252513
연세빌라(59-16),서울특별시 강남구 도산대로98길 31,127.0520239,37.52256637
청담대우멤버스카운티9차,서울특별시 강남구 도산대로99길 28-7,127.0510806,37.52686858
청담대우멤버스카운티12차,서울특별시 강남구 도산대로99길 30,127.051019,37.52660983
청담CJ빌리지,서울특별시 강남구 도산대로99길 42,127.0498066,37.52678287
BRUNNEN청담,서울특별시 강남구 도산대로99길 68,127.0477793,37.52728052
삼성풍림2차아파트,서울특별시 강남구 봉은사로105길 12-7,127.0624742,37.51600381
삼성동에스케이뷰,서울특별시 강남구 봉은사로109길 14-8,127.0648033,37.51629618
시티(A동),서울특별시 강남구 봉은사로109길 66-1,127.0639467,37.51903488
시티(B동),서울특별시 강남구 봉은사로109길 66-7,127.064272,37.51877791
금호어울림,서울특별시 강남구 봉은사로111길 25,127.0648162,37.51677152
삼부아파트(101동),서울특별시 강남구 봉은사로111길 26,127.0651606,37.51700102
삼부아파트 102동,서울특별시 강남구 봉은사로111길 34,127.0648822,37.51740436
강변삼부아파트,서울특별시 강남구 봉은사로113길 25,127.0656093,37.51709928
신동아듀크빌,서울특별시 강남구 봉은사로113길 33,127.0654262,37.5174332
골든빌(99-1),서울특별시 강남구 봉은사로113길 39,127.0651319,37.5178309
논현프라임아파트,서울특별시 강남구 봉은사로11길 11,127.0283941,37.50660635
e-편한세상,서울특별시 강남구 봉은사로11길 12,127.0291351,37.50673779
한화꿈에그린2차,서울특별시 강남구 봉은사로21길 19,127.0308203,37.50751373
토미빌(228-9),서울특별시 강남구 봉은사로29길 25,127.0338003,37.50901446
이움빌라,서울특별시 강남구 봉은사로29길 26,127.0341353,37.50925628
한양수자인어반게이트,서울특별시 강남구 봉은사로29길 35,127.0335666,37.50959846
역삼예명,서울특별시 강남구 봉은사로34길 53,127.0384555,37.5049753
경간재,서울특별시 강남구 봉은사로49길 13,127.0418194,37.51081494
그랑디오스,서울특별시 강남구 봉은사로51길 18,127.0428303,37.5112835
마블하우스,서울특별시 강남구 봉은사로51길 36,127.0423611,37.51237853
케럿스테이트,서울특별시 강남구 봉은사로51길 40,127.0422467,37.51264319
대우멤버스카운티501,서울특별시 강남구 봉은사로55길 36,127.0440032,37.51284932
노블테라스,서울특별시 강남구 봉은사로57길 17,127.0447452,37.51185417
대우멤버스카운티301,서울특별시 강남구 봉은사로57길 33,127.0443207,37.51286491
대우멤버스카운티201,서울특별시 강남구 봉은사로57길 37,127.0442386,37.51313149
SM드림빌,서울특별시 강남구 봉은사로61길 34,127.0458715,37.51331402
삼성벨라스빌,서울특별시 강남구 봉은사로63길 47,127.0458139,37.51434489
이안애빌,서울특별시 강남구 봉은사로68길 65,127.0534103,37.50859261
로프트원,서울특별시 강남구 봉은사로71길 7,127.0498658,37.5126856
상아빌라트,서울특별시 강남구 봉은사로71길 13,127.0496902,37.51305046
삼성동드림하우스,서울특별시 강남구 봉은사로71길 19,127.0495428,37.51346235
영무예다음,서울특별시 강남구 봉은사로72길 33,127.0524058,37.5103128
한일,서울특별시 강남구 봉은사로73길 23,127.0499735,37.51394755
현대빌라트,서울특별시 강남구 봉은사로74길 5,127.0516339,37.51203696
삼성동대유리채,서울특별시 강남구 봉은사로78길 27,127.053635,37.51096506
우림루미아트,서울특별시 강남구 봉은사로81길 8,127.0541068,37.51378282
삼성아셈,서울특별시 강남구 봉은사로82길 24,127.0550147,37.51162589
삼성동신도브래뉴,서울특별시 강남구 삼성로103길 12,127.0534062,37.51036804
삼성그랑빌,서울특별시 강남구 삼성로104길 5,127.0550017,37.51092768
현대힐스테이트 2단지,서울특별시 강남구 삼성로111길 8,127.0514277,37.51408062
삼성팰리스(71-16),서울특별시 강남구 삼성로112길 8,127.0533288,37.51440731
심포니하우스,서울특별시 강남구 삼성로120길 6,127.0522142,37.516402
삼성루첸시아,서울특별시 강남구 삼성로120길 17,127.0527181,37.51721237
세방타운하우스,서울특별시 강남구 삼성로120길 21,127.052932,37.517485
현대삼성동1차,서울특별시 강남구 삼성로120길 52-5,127.0550031,37.51909677
형우빌라,서울특별시 강남구 삼성로126길 20,127.0526158,37.51767586
청담동삼성1차아파트,서울특별시 강남구 삼성로133길 20,127.0478444,37.51942289
청담아르지움,서울특별시 강남구 삼성로135길 15,127.0481903,37.5197751
골든아트빌,서울특별시 강남구 삼성로135길 28,127.0470366,37.51992213
한신오페라하우스,서울특별시 강남구 삼성로135길 47,127.0455732,37.51927632
연세청담파크빌,서울특별시 강남구 삼성로140길 35,127.0513764,37.52218871
우성아파트,서울특별시 강남구 삼성로147길 22,127.0468145,37.52170557
개포주공 5단지,서울특별시 강남구 삼성로4길 17,127.0685821,37.48756233
노빌리티빌리지,서울특별시 강남구 삼성로51길 10-13,127.0604507,37.49732051
대치 더 클래스,서울특별시 강남구 삼성로51길 10-14,127.0608596,37.49734611
대치 SK VIEW,서울특별시 강남구 삼성로51길 25,127.0600132,37.49542737
래미안대치팰리스,서울특별시 강남구 삼성로51길 35,127.0607445,37.49503005
래미안대치팰리스,서울특별시 강남구 삼성로51길 37,127.0578508,37.49424608
대치하나빌,서울특별시 강남구 삼성로57길 37-5,127.0584937,37.49703365
삼성2차,서울특별시 강남구 삼성로57길 45,127.0575167,37.49703292
한양팰리스,서울특별시 강남구 삼성로61길 9,127.0597266,37.49919649
세연파크뷰,서울특별시 강남구 삼성로63길 16-5,127.0584201,37.5000388
한티(933-35),서울특별시 강남구 삼성로63길 37,127.0572884,37.49905608
대치현대,서울특별시 강남구 삼성로64길 5,127.0609702,37.50093137
대치효성,서울특별시 강남구 삼성로64길 12,127.0612036,37.49991641
하이캐슬102동,서울특별시 강남구 삼성로64길 36,127.0633835,37.50043911
하이캐슬,서울특별시 강남구 삼성로64길 40,127.0638564,37.50056124
도성,서울특별시 강남구 삼성로67길 14,127.0582976,37.50114295
대치주성,서울특별시 강남구 삼성로68길 5,127.0601938,37.50155694
대치타워,서울특별시 강남구 삼성로71길 11-8,127.0580166,37.50171373
메트로,서울특별시 강남구 삼성로75길 34,127.055471,37.50296451
롯데캐슬,서울특별시 강남구 삼성로85길 11,127.0564555,37.50474108
현대썬앤빌 테헤란,서울특별시 강남구 삼성로85길 33,127.0548035,37.50429733
대치동우정에쉐르1,서울특별시 강남구 삼성로85길 38,127.0542744,37.50461816
대우아이빌멤버스(891-26),서울특별시 강남구 삼성로85길 42,127.0537635,37.50460653
삼성파크,서울특별시 강남구 삼성로99길 14,127.0535704,37.50930315
LG선릉에클라트(A),서울특별시 강남구 선릉로100길 42,127.0511881,37.50656146
Bienestar,서울특별시 강남구 선릉로107길 16,127.042795,37.50935819
성영forU,서울특별시 강남구 선릉로107길 24,127.0421241,37.50920715
주풍파크빌,서울특별시 강남구 선릉로108길 33,127.0469456,37.5104765
테크노빌라트,서울특별시 강남구 선릉로111길 38-16,127.0402181,37.5112435
네오블로썸,서울특별시 강남구 선릉로112길 47,127.047349,37.51228156
삼성동 롯데캐슬 킹덤,서울특별시 강남구 선릉로112길 53,127.0477996,37.51311433
그라나다,서울특별시 강남구 선릉로112길 74,127.0495845,37.51268546
롯데캐슬프레미어,서울특별시 강남구 선릉로126길 22,127.0446077,37.51530653
서광아파트,서울특별시 강남구 선릉로130길 19,127.0430742,37.51712422
래미안삼성2차,서울특별시 강남구 선릉로130길 20,127.0435239,37.51613598
우정에쉐르,서울특별시 강남구 선릉로130길 33,127.0443315,37.51715017
현대빌라(43-1),서울특별시 강남구 선릉로132길 42,127.044568,37.51841232
청담3차 이-편한세상(301동),서울특별시 강남구 선릉로132길 54,127.0456852,37.51860313
논현빌라트,서울특별시 강남구 선릉로137길 6,127.0399246,37.51927309
케이씨빌,서울특별시 강남구 선릉로137길 20,127.0387364,37.51904867
라이헤스빌,서울특별시 강남구 선릉로137길 21,127.0386761,37.51873392
현대,서울특별시 강남구 선릉로18길 12,127.0601485,37.48431999
연세리버테라스,서울특별시 강남구 선릉로190길 64,127.0466449,37.52886429
청담파라곤Ⅱ 2단지,서울특별시 강남구 선릉로190길 68,127.0470382,37.5286386
연세리버빌,서울특별시 강남구 선릉로190길 72,127.0474823,37.52872896
연세빌라(102-6),서울특별시 강남구 선릉로190길 78,127.0478486,37.5286245
연세리버빌3,서울특별시 강남구 선릉로190길 84,127.0483273,37.52847924
씨티2차(202동),서울특별시 강남구 선릉로190길 90,127.0487943,37.52843613
씨티2차(201동),서울특별시 강남구 선릉로190길 92,127.0491554,37.52834931
강변상지리츠빌,서울특별시 강남구 선릉로190길 112,127.050589,37.52795669
동민맥스빌A동,서울특별시 강남구 선릉로62길 38,127.0555486,37.49781953
역삼래미안,서울특별시 강남구 선릉로69길 19,127.0499106,37.49720797
e-편한세상,서울특별시 강남구 선릉로69길 20,127.0500228,37.49882752
동양,서울특별시 강남구 선릉로72길 10-7,127.0525676,37.49977771
풍림아이원2차,서울특별시 강남구 선릉로72길 45,127.054719,37.50126852
대치한신휴플러스,서울특별시 강남구 선릉로76길 12,127.0515942,37.50139562
대치,서울특별시 강남구 선릉로82길 40-3,127.0536102,37.50317173
아름빌(889-74),서울특별시 강남구 선릉로86길 11,127.0505869,37.50340494
우정에쉐르멤버스,서울특별시 강남구 선릉로87길 14,127.0483489,37.50311243
에버그린,서울특별시 강남구 선릉로8길 5,127.0612806,37.4829037
대우아이빌명문가(891-23),서울특별시 강남구 선릉로90길 56,127.0536154,37.50502453
한양립스,서울특별시 강남구 선릉로92길 37-4,127.0517875,37.50630261
미성1차,서울특별시 강남구 압구정로11길 17,127.0202282,37.52530763
유로미아파트A동,서울특별시 강남구 압구정로14길 16,127.0230192,37.52336207
유로미아파트B동,서울특별시 강남구 압구정로14길 20,127.0230659,37.52302137
체리빌,서울특별시 강남구 압구정로18길 14-8,127.0240591,37.52380297
우찬,서울특별시 강남구 압구정로18길 14-12,127.0238472,37.52369045
뉴현대,서울특별시 강남구 압구정로18길 14-14,127.0236648,37.52355485
현대아인빌,서울특별시 강남구 압구정로22길 29,127.0263072,37.5236923
광림교회,서울특별시 강남구 압구정로22길 32,127.0259431,37.52360487
현대13차(208~211동),서울특별시 강남구 압구정로29길 23,127.0270733,37.52947094
현대빌라트,서울특별시 강남구 압구정로29길 49,127.0273071,37.53048459
대림빌라트,서울특별시 강남구 압구정로29길 51,127.0271404,37.53084868
"현대14차(203,204,205,206동)",서울특별시 강남구 압구정로29길 57,127.0261154,37.53068593
"현대5차(71,72동)",서울특별시 강남구 압구정로29길 68,127.0285744,37.53197842
현대10차,서울특별시 강남구 압구정로29길 69,127.0258921,37.53150382
"현대1,2차",서울특별시 강남구 압구정로29길 71,127.0279201,37.53302549
신사아이빌(522),서울특별시 강남구 압구정로2길 15,127.0199556,37.52071537
래미안신사,서울특별시 강남구 압구정로2길 20,127.0197744,37.52009386
강남상가,서울특별시 강남구 압구정로2길 46,127.020684,37.51877879
현대4차저층(51~56동),서울특별시 강남구 압구정로33길 70,127.0306538,37.53237501
신사 아크존2,서울특별시 강남구 압구정로34길 49,127.0307199,37.52488971
현대3차(61~64동),서울특별시 강남구 압구정로39길 58,127.0328274,37.53219017
금광아크존(635-14),서울특별시 강남구 압구정로42길 36,127.0345303,37.52656987
신사동닛시빌라트,서울특별시 강남구 압구정로42길 46,127.0343688,37.526001
압구정하이츠파크,서울특별시 강남구 압구정로42길 78,127.0337126,37.52376753
압구정대원칸타빌아파트,서울특별시 강남구 압구정로48길 15,127.0372366,37.52741786
로데오현대,서울특별시 강남구 압구정로50길 28,127.0373519,37.52665667
한양7,서울특별시 강남구 압구정로61길 37,127.0437583,37.52915305
이니그마빌,서울특별시 강남구 압구정로62길 17-4,127.0435713,37.52555733
청담대우로얄카운티6차,서울특별시 강남구 압구정로71길 20,127.0461214,37.5278504
효성빌라청담,서울특별시 강남구 압구정로71길 28,127.046284,37.52826628
연세힐하우스1,서울특별시 강남구 압구정로71길 30-11,127.0474642,37.52844378
청담파라곤Ⅱ 1단지,서울특별시 강남구 압구정로71길 32,127.0465747,37.52866449
호원빌라,서울특별시 강남구 압구정로75길 15,127.0471411,37.52672767
연세힐하우스(Ⅱ),서울특별시 강남구 압구정로75길 39,127.047778,37.52839228
엘지빌라,서울특별시 강남구 압구정로75길 40,127.0481996,37.52826576
상지리츠빌9차,서울특별시 강남구 압구정로77길 27,127.0478866,37.5269103
"청담힐A동, 진도B동",서울특별시 강남구 압구정로77길 36,127.0484342,37.52733329
상지리츠빌4B,서울특별시 강남구 압구정로77길 39,127.0480607,37.5277376
"청담힐A동, 진도B동",서울특별시 강남구 압구정로77길 42,127.0485909,37.52774872
상지리츠빌4A,서울특별시 강남구 압구정로77길 43,127.0481526,37.52798878
청담연세리버빌,서울특별시 강남구 압구정로79길 61-9,127.0519282,37.52612981
상지리츠빌카일룸3차,서울특별시 강남구 압구정로79길 72,127.05338,37.5252963
빌폴라리스,서울특별시 강남구 압구정로79길 76,127.0537734,37.52549975
상지리츠빌카일룸2차,서울특별시 강남구 압구정로79길 87,127.0542996,37.52647775
더펜트하우스청담,서울특별시 강남구 압구정로79길 88,127.0542528,37.5259512
호정빌라트,서울특별시 강남구 양재대로33길 14,127.0830639,37.49058776
수서1-1단지(임대),서울특별시 강남구 양재대로55길 10,127.0908497,37.49245504
수서,서울특별시 강남구 양재대로55길 12,127.0890369,37.49284056
역삼동그린비,서울특별시 강남구 언주로103길 12,127.03903,37.50677827
역삼엔스위트102동,서울특별시 강남구 언주로103길 14,127.0388367,37.50671949
역삼엔스위트1,서울특별시 강남구 언주로103길 16,127.0386393,37.50667036
에벤에셀빌라트,서울특별시 강남구 언주로104길 35,127.0429675,37.50799429
동부센트레빌,서울특별시 강남구 언주로116길 6,127.0375869,37.51041564
경남논현,서울특별시 강남구 언주로116길 12,127.0382086,37.5106088
현대넥서스 B동,서울특별시 강남구 언주로122길 6,127.0366135,37.51186632
두산위브2단지,서울특별시 강남구 언주로122길 25,127.0383155,37.51234313
더그레이스,서울특별시 강남구 언주로125길 12,127.0341641,37.51300872
동양파라곤,서울특별시 강남구 언주로130길 30,127.0381302,37.51475857
로체샤르캐슬,서울특별시 강남구 언주로136길 16,127.0368544,37.51718368
우민,서울특별시 강남구 언주로136길 21,127.0373879,37.5178493
동현아파트 1~6,서울특별시 강남구 언주로146길 18,127.0365661,37.51931933
진흥아마란스,서울특별시 강남구 언주로157길 23,127.0310015,37.5236807
알파임하우스1,서울특별시 강남구 언주로164길 20,127.0351566,37.52529576
압구정케이씨씨(622-1),서울특별시 강남구 언주로167길 9,127.0324622,37.5261424
신성아파트 101동,서울특별시 강남구 언주로167길 15,127.0319081,37.52623918
우성사원5,서울특별시 강남구 언주로29길 34,127.0476713,37.48584686
현대비젼21,서울특별시 강남구 언주로30길 10,127.0515536,37.48733944
대림아크로빌,서울특별시 강남구 언주로30길 13,127.0511079,37.48821666
아카데미스위트1,서울특별시 강남구 언주로30길 21,127.0521102,37.48862443
타워팰리스3,서울특별시 강남구 언주로30길 26,127.0528375,37.48734473
우성리빙텔,서울특별시 강남구 언주로30길 27,127.0525846,37.4884289
타워팰리스1,서울특별시 강남구 언주로30길 56,127.0542294,37.48819963
타워팰리스2,서울특별시 강남구 언주로30길 57,127.0544537,37.48976096
갤러리아트,서울특별시 강남구 언주로63길 30,127.0437522,37.49426673
공간쉐르빌,서울특별시 강남구 언주로63길 32,127.0435513,37.49417646
쎄비앙 101동,서울특별시 강남구 언주로69길 31,127.0428275,37.49583026
현대트라움,서울특별시 강남구 언주로70길 18-8,127.0473091,37.49664439
은하수,서울특별시 강남구 언주로70길 24,127.0476779,37.49723316
명인갤러리,서울특별시 강남구 언주로75길 22,127.0425126,37.49852768
플래티늄1,서울특별시 강남구 언주로75길 24,127.042341,37.49845477
개포자이르네,서울특별시 강남구 언주로7길 6,127.0554484,37.47851396
개포래미안포레스트,서울특별시 강남구 언주로7길 44,127.0539316,37.4763196
프리빌리지,서울특별시 강남구 언주로81길 28,127.0413064,37.49990588
탑팰리스,서울특별시 강남구 언주로81길 31,127.0411925,37.49952632
경남아너스빌,서울특별시 강남구 언주로85길 13,127.0424132,37.50059107
진넥스빌2,서울특별시 강남구 언주로86길 7,127.0439712,37.50177477
한화진넥스빌,서울특별시 강남구 언주로86길 11,127.0442822,37.50198995
현대까르띠에710,서울특별시 강남구 언주로86길 12,127.0449498,37.50135633
우정에쉐르3,서울특별시 강남구 언주로86길 25,127.0451303,37.50248024
우림루미아트2,서울특별시 강남구 언주로90길 4,127.0435364,37.50214155
우림루미아트1,서울특별시 강남구 언주로90길 6,127.0437641,37.50219452
좋은사람좋은집,서울특별시 강남구 언주로90길 8,127.0438912,37.5022726
역삼동프라임,서울특별시 강남구 언주로97길 22,127.0395247,37.5053334
신목양관,서울특별시 강남구 언주로97길 32,127.0387883,37.50498108
힐스테이트6,서울특별시 강남구 역삼로10길 13,127.0342792,37.49335658
역삼조이너스,서울특별시 강남구 역삼로19길 12,127.0372796,37.49583557
노블스위트,서울특별시 강남구 역삼로19길 14,127.037311,37.49609811
동원스위트뷰역삼,서울특별시 강남구 역삼로19길 25,127.037227,37.49695141
프리마빌,서울특별시 강남구 역삼로25길 17,127.0393993,37.49733657
마이다스힐빌라트,서울특별시 강남구 역삼로25길 20,127.0398148,37.49765691
요진와이시티미니,서울특별시 강남구 역삼로25길 21,127.0393021,37.49752318
대명벨리온,서울특별시 강남구 역삼로25길 27,127.0391109,37.49793659
예지향,서울특별시 강남구 역삼로33길 13,127.0414324,37.4979941
현대이스트빌,서울특별시 강남구 역삼로33길 19,127.0410542,37.49850827
현대하이츠,서울특별시 강남구 역삼로34길 12,127.0421901,37.49634441
쎄비앙 102동,서울특별시 강남구 역삼로34길 25,127.0429341,37.49563614
에레프,서울특별시 강남구 역삼로3길 17-4,127.0307484,37.49476425
풍림아이원2차202동,서울특별시 강남구 역삼로74길 8,127.0549992,37.50136912
오투빌(파크앤스위트),서울특별시 강남구 역삼로7길 13,127.0326975,37.49490454
대치동 959-33 도시형생활주택,서울특별시 강남구 역삼로81길 15,127.0587944,37.50424747
풍림(1차),서울특별시 강남구 영동대로112길 15,127.0618589,37.51560281
아셈,서울특별시 강남구 영동대로112길 22,127.0620063,37.5151087
동구싼타빌,서울특별시 강남구 영동대로112길 24,127.0622782,37.51515156
삼성아트빌,서울특별시 강남구 영동대로112길 26,127.0624488,37.5151615
엘에이치삼성도시형생활주택,서울특별시 강남구 영동대로112길 46,127.0640033,37.51550557
동일파크스위트,서울특별시 강남구 영동대로112길 67,127.0659076,37.51619296
월성빌라트,서울특별시 강남구 영동대로114길 23,127.0616031,37.51615844
래미안(201동),서울특별시 강남구 영동대로114길 56,127.0641261,37.51663159
래미안삼성1차,서울특별시 강남구 영동대로114길 56,127.064,37.51714807
래미안삼성1차(105),서울특별시 강남구 영동대로114길 56,127.063448,37.51586979
레미안삼성1차(104),서울특별시 강남구 영동대로114길 56,127.0630571,37.51650772
삼부아그레빌,서울특별시 강남구 영동대로114길 63,127.0640986,37.51791032
대우멤버스카운티(101동),서울특별시 강남구 영동대로114길 71-3,127.0645809,37.51811984
아펠바움,서울특별시 강남구 영동대로114길 72,127.0650197,37.51805395
대우멤버스카운티(102동),서울특별시 강남구 영동대로118길 76,127.0642862,37.51828456
청담자이,서울특별시 강남구 영동대로138길 12,127.0572591,37.52299834
더 갤러리파크,서울특별시 강남구 영동대로141길 14,127.0535334,37.52340074
뉴현대리버빌,서울특별시 강남구 영동대로142길 7,127.0558179,37.5241578
래미안청담로이뷰,서울특별시 강남구 영동대로142길 16,127.0564092,37.52476026
마크힐스이스트윙,서울특별시 강남구 영동대로142길 19,127.0552001,37.52451922
마크힐스웨스트윙,서울특별시 강남구 영동대로142길 21,127.0550835,37.52478197
청담아이파크,서울특별시 강남구 영동대로142길 25,127.0551646,37.52524711
현대1,서울특별시 강남구 영동대로57길 28,127.0654455,37.49992162
세영팔레스타운,서울특별시 강남구 영동대로65길 57,127.0621429,37.50076923
풍림아이원3차(1007-1),서울특별시 강남구 영동대로72길 10,127.0667829,37.50467836
우정에쉐르,서울특별시 강남구 영동대로85길 17,127.0622562,37.50684034
월드빌,서울특별시 강남구 영동대로85길 17-7,127.0624107,37.50661138
화인하이빌,서울특별시 강남구 영동대로85길 17-9,127.0624881,37.50643221
푸른마을 아파트 101동~111동,서울특별시 강남구 일원로14길 25,127.0806612,37.48399891
강남역우정에쉐르,서울특별시 강남구 테헤란로10길 10,127.0322611,37.49840893
(828-21),서울특별시 강남구 테헤란로10길 25,127.032979,37.49758882
(828-76),서울특별시 강남구 테헤란로10길 27,127.0330672,37.4974046
예지인,서울특별시 강남구 테헤란로10길 42,127.0331095,37.49641444
프리우스 역삼 102동,서울특별시 강남구 테헤란로13길 31-7,127.0312852,37.50133242
역삼우성,서울특별시 강남구 테헤란로13길 35-6,127.0311316,37.50200976
(633-22)로얄팰리스,서울특별시 강남구 테헤란로13길 45,127.0311764,37.50253005
이스턴오피스텔,서울특별시 강남구 테헤란로14길 13,127.0335247,37.49854852
정원,서울특별시 강남구 테헤란로14길 42,127.0338945,37.49653946
포스틸빌라트,서울특별시 강남구 테헤란로20길 36,127.0350238,37.49731732
로얄빌리지,서울특별시 강남구 테헤란로21길 18,127.0345351,37.50156586
한양럭스,서울특별시 강남구 테헤란로25길 58,127.0345706,37.50428468
이지마루 역삼,서울특별시 강남구 테헤란로27길 8-14,127.0391097,37.50223667
네스빌(728-10),서울특별시 강남구 테헤란로28길 47,127.0400756,37.49823307
개나리4,서울특별시 강남구 언주로 406,127.0454625,37.50151429
역삼센트럴아이파크,서울특별시 강남구 테헤란로44길 26,127.0456803,37.50045266
역삼우정에쉐르2,서울특별시 강남구 테헤란로48길 10,127.0459044,37.50267695
역삼동우정에쉐르1,서울특별시 강남구 테헤란로4길 32,127.0301733,37.49627483
쌍용플레티넘밸류,서울특별시 강남구 테헤란로4길 46,127.0303857,37.49544387
테헤란아이파크,서울특별시 강남구 테헤란로52길 16,127.0469456,37.50245913
(817-25),서울특별시 강남구 테헤란로5길 25,127.0287395,37.50022939
풍림 지오빌,서울특별시 강남구 테헤란로5길 36,127.0290771,37.50088392
LG선릉에클라트(B),서울특별시 강남구 테헤란로63길 12,127.0509927,37.50614767
선릉역대우아이빌(890-49),서울특별시 강남구 테헤란로64길 9,127.0514507,37.50440388
선릉역 풍림아이원레몬,서울특별시 강남구 테헤란로64길 13,127.0515058,37.50417127
대치동우정에쉐르2(890-42),서울특별시 강남구 테헤란로68길 15,127.0525685,37.50432111
우정에쉐르2,서울특별시 강남구 테헤란로77길 8,127.0549066,37.50707845
풍림,서울특별시 강남구 테헤란로77길 22,127.0543161,37.50802112
삼성동대성유니드,서울특별시 강남구 테헤란로77길 26,127.05405,37.50851647
이안애2차,서울특별시 강남구 테헤란로77길 27,127.053845,37.50812444
삼성웰피아,서울특별시 강남구 테헤란로77길 31,127.0537151,37.50842168
삼성펠리스,서울특별시 강남구 테헤란로79길 31,127.054406,37.50867898
삼성오네뜨,서울특별시 강남구 테헤란로79길 42,127.0543658,37.50962842
신동아,서울특별시 강남구 학동로105길 30,127.0587014,37.52304074
브라운스톤,서울특별시 강남구 학동로11길 13,127.0245896,37.51313847
인본,서울특별시 강남구 학동로17길 13,127.0260248,37.51355124
비쥬힐,서울특별시 강남구 학동로21길 23,127.0273058,37.51485298
논현베르빌,서울특별시 강남구 학동로30길 21,127.0327972,37.5127655
삼성빌라트,서울특별시 강남구 학동로31길 29,127.0313147,37.51651406
논현동월드메르디앙,서울특별시 강남구 학동로38길 22,127.0341823,37.51353107
현대넥서스 A동,서울특별시 강남구 학동로42길 60,127.0367816,37.51158864
제이빌,서울특별시 강남구 학동로43길 30,127.0379932,37.51808187
논현웰스톤,서울특별시 강남구 학동로43길 38,127.0380336,37.5184681
논현라폴리움,서울특별시 강남구 학동로46길 32,127.0387726,37.51407381
두산위브1단지,서울특별시 강남구 학동로46길 38,127.0387474,37.51354077
더원 센트럴,서울특별시 강남구 학동로53길 3-8,127.0396849,37.5171957
벨러스빌,서울특별시 강남구 학동로5길 17,127.0226347,37.51290571
요진보네르,서울특별시 강남구 학동로5길 20,127.0229615,37.51309945
힐스빌7,서울특별시 강남구 학동로5길 22,127.0229011,37.51326512
영풍마드레빌,서울특별시 강남구 학동로63길 13,127.0446827,37.5190782
한신오페라하우스2차,서울특별시 강남구 학동로63길 14,127.0452849,37.51887599
삼성동한솔아파트,서울특별시 강남구 학동로64길 7,127.045811,37.51694243
현대아파트 101동,서울특별시 강남구 학동로64길 14,127.0444231,37.51671861
골든카운티,서울특별시 강남구 학동로68길 16,127.0464426,37.51698652
삼성동힐스테이트 1단지,서울특별시 강남구 학동로68길 29,127.0485345,37.51614616
삼성동중앙하이츠빌리지,서울특별시 강남구 학동로68길 30,127.0462077,37.51603285
청담스위트,서울특별시 강남구 학동로73길 13,127.0473185,37.51920666
청담4차 이-편한세상,서울특별시 강남구 학동로73길 33,127.0468815,37.52057896
청담그랑빌,서울특별시 강남구 학동로77길 5,127.0490301,37.51906246
청담대림 이-편한세상,서울특별시 강남구 학동로77길 27,127.0478222,37.52053487
삼환아파트101동,서울특별시 강남구 학동로77길 49,127.047589,37.52178892
스위트캐슬레지던스,서울특별시 강남구 학동로7길 6,127.0239186,37.51250477
라테라스 청담,서울특별시 강남구 학동로81길 9,127.0505168,37.51970245
청담 어퍼하우스,서울특별시 강남구 학동로81길 28,127.0504596,37.52093832
삼성리치빌1,서울특별시 강남구 학동로82길 6,127.0512135,37.51838105
블루밍하우스,서울특별시 강남구 학동로82길 25,127.0522523,37.51739315
블루밍하우스,서울특별시 강남구 학동로82길 27,127.0522838,37.51726665
아델하우스,서울특별시 강남구 학동로82길 29,127.0524319,37.51703886
현대아파트(75-1),서울특별시 강남구 학동로87길 7,127.0516596,37.51951437
진흥아파트,서울특별시 강남구 학동로87길 9,127.0514408,37.52004846
진흥아파트,서울특별시 강남구 학동로88길 5,127.0521224,37.51871712
동양파라곤,서울특별시 강남구 학동로97길 31,127.0543019,37.52178809
청담린든그로브,서울특별시 강남구 학동로97길 51,127.0536665,37.52291158
은탑리더스카운티,서울특별시 강남구 학동로9길 15,127.0238934,37.51316564
지고하임(101동),서울특별시 강남구 학동로9길 21,127.0237886,37.51355523
청구아파트,서울특별시 강남구 영동대로128길 5,127.0584055,37.51973788
홍실아파트,서울특별시 강남구 영동대로128길 15,127.0596934,37.51986307
삼성동헤렌하우스2(82-1),서울특별시 강남구 영동대로128길 45,127.0611259,37.51935788
삼성동헤렌하우스2(82-4),서울특별시 강남구 영동대로128길 51,127.061446,37.51911339
다우림하우스,서울특별시 강남구 영동대로128길 55,127.0616799,37.51895153
대림,서울특별시 강남구 논현로41길 10,127.039842,37.48652001
도곡1차아이파크,서울특별시 강남구 도곡로28길 8,127.0431049,37.4920882
현대2차,서울특별시 강남구 삼성로122길 45,127.0557739,37.51922383
신동아파밀리에,서울특별시 강남구 헌릉로590길 10,127.1027722,37.46412687
세곡리엔파크(3단지),서울특별시 강남구 헌릉로590길 11,127.1044628,37.46379733
강남데시앙파크,서울특별시 강남구 헌릉로590길 63,127.1011609,37.4603401
세곡리엔파크(4단지),서울특별시 강남구 헌릉로590길 88,127.1020605,37.46206731
세곡리엔파크(1단지),서울특별시 강남구 헌릉로590길 100,127.1004678,37.46418277
강남엘에이치1단지,서울특별시 강남구 헌릉로571길 20,127.1028232,37.4669199
엘에이치강남힐스테이트,서울특별시 강남구 자곡로3길 21,127.0882715,37.47141205
엘에이치강남3단지,서울특별시 강남구 자곡로3길 22,127.0908817,37.47072938
엘에이치강남브리즈힐,서울특별시 강남구 자곡로3길 45,127.0909955,37.47283402
래미안포레(3단지),서울특별시 강남구 밤고개로21길 25,127.1101236,37.47479652
강남한신휴플러스6단지,서울특별시 강남구 밤고개로26길 50,127.1053621,37.46767917
강남한신휴플러스8단지,서울특별시 강남구 밤고개로27길 20,127.1105016,37.4700942
