법정동코드,아파트명,토지소재지,지번,2021년 개별공시지가,2021년 공시일자,2022년 개별공시지가,2022년 공시일자,2023년 개별공시지가,2023년 공시일자,기준일자,동향,비율
1168010400,현대아파트,서울특별시 강남구 선릉로 748,23번지,19800000,20210531,22770000,20220429,20610000,20230428,01월01일,하락세,0.90513834
1168011400,탄천직원아파트,서울특별시 강남구 개포로 625,580번지,773000,20210531,881000,20220429,807000,20230428,01월01일,하락세,0.91600454
1168010400,청담대림 이-편한세상,서울특별시 강남구 학동로77길 27,30-33번지,18050000,20210531,21100000,20220429,19370000,20230428,01월01일,하락세,0.918009479
1168010400,삼환아파트101동,서울특별시 강남구 학동로77길 49,10번지,17320000,20210531,20250000,20220429,18600000,20230428,01월01일,하락세,0.918518519
1168010400,청담동삼성1차아파트,서울특별시 강남구 삼성로133길 20,33번지,20030000,20210531,23420000,20220429,21530000,20230428,01월01일,하락세,0.919299744
1168010400,휴먼스타빌,서울특별시 강남구 도산대로 454,5-25번지,43430000,20210531,47230000,20220429,43870000,20230428,01월01일,하락세,0.928858776
1168010300,개포6차우성아파트1동~8동,서울특별시 강남구 언주로 3,658-1번지,16860000,20210531,17640000,20220429,16405000,20230428,01월01일,하락세,0.929988662
1168010300,개포주공 5단지,서울특별시 강남구 삼성로4길 17,187번지,16200000,20210531,18260000,20220429,16982000,20230428,01월01일,하락세,0.930010953
1168010300,개포우성3차,서울특별시 강남구 개포로 307,652번지,15840000,20210531,18020000,20220429,16759000,20230428,01월01일,하락세,0.930022198
1168010300,"우성9차아파트 901동, 902동",서울특별시 강남구 개포로 311,651-1번지,15840000,20210531,18020000,20220429,16759000,20220429,01월01일,하락세,0.930022198
1168010300,SH대치1단지 아파트,서울특별시 강남구 개포로109길 5,12번지,14210000,20210531,16020000,20220429,14899000,20230428,01월01일,하락세,0.930024969
1168010300,성원대치2단지일반분양(11개동),서울특별시 강남구 개포로109길 9,12번지,14210000,20210531,16020000,20220429,14899000,20230428,01월01일,하락세,0.930024969
1168010300,삼익대청아파트 301동 ~ 306동,서울특별시 강남구 개포로109길 21,12번지,14210000,20210531,16020000,20220429,14899000,20230428,01월01일,하락세,0.930024969
1168010300,현대,서울특별시 강남구 선릉로18길 12,172-3번지,7488000,20210531,8593000,20220429,7994000,20230428,01월01일,하락세,0.930292098
1168010400,청담 어퍼하우스,서울특별시 강남구 학동로81길 28,64-1번지,12340000,20210531,14060000,20220429,13170000,20230428,01월01일,하락세,0.936699858
1168010400,한신오페라하우스,서울특별시 강남구 삼성로135길 47,35-47번지,10900000,20210531,13520000,20220429,12670000,20230428,01월01일,하락세,0.937130178
1168010400,한신오페라하우스2차,서울특별시 강남구 학동로63길 14,35-48번지,10900000,20210531,13520000,20220429,12670000,20230428,01월01일,하락세,0.937130178
1168010400,BRUNNEN청담,서울특별시 강남구 도산대로99길 68,114-9번지,14060000,20210531,16330000,20220429,15320000,20230428,01월01일,하락세,0.938150643
1168010400,청담대우로얄카운티6차,서울특별시 강남구 압구정로71길 20,101-1번지,13770000,20210531,16170000,20220429,15170000,20230428,01월01일,하락세,0.938157081
1168010400,대우리츠카운티,서울특별시 강남구 도산대로83길 35,117-22번지,14330000,20210531,17380000,20220429,16320000,20230428,01월01일,하락세,0.939010357
1168010400,청담동현대빌라트,서울특별시 강남구 도산대로83길 36,121번지,14330000,20210531,17380000,20220429,16320000,20230428,01월01일,하락세,0.939010357
1168010400,청담CJ빌리지,서울특별시 강남구 도산대로99길 42,111-11번지,14330000,20210531,17380000,20220429,16320000,20230428,01월01일,하락세,0.939010357
1168010400,상지리츠빌9차,서울특별시 강남구 압구정로77길 27,116-10번지,14330000,20210531,17380000,20220429,16320000,20230428,01월01일,하락세,0.939010357
1168010300,개포현대6차,서울특별시 강남구 개포로15길 32-8,1242-2번지,5622000,20210531,6322000,20220429,5943000,20230428,01월01일,하락세,0.940050617
1168010400,청담스위트,서울특별시 강남구 학동로73길 13,34-13번지,9964000,20210531,11810000,20220429,11110000,20230428,01월01일,하락세,0.940728196
1168010400,대우로얄카운티3,서울특별시 강남구 도산대로83길 23,117-6번지,13040000,20210531,15890000,20220429,14950000,20230428,01월01일,하락세,0.940843298
1168010400,청담로얄카운티,서울특별시 강남구 도산대로83길 27,117-3번지,13040000,20210531,15890000,20220429,14950000,20230428,01월01일,하락세,0.940843298
1168010400,청담연세리버빌,서울특별시 강남구 압구정로79길 61-9,127번지,11590000,20210531,14420000,20220429,13570000,20230428,01월01일,하락세,0.941054092
1168010400,이니그마빌2,서울특별시 강남구 도산대로61길 19,90-10번지,18470000,20210531,21780000,20220429,20500000,20230428,01월01일,하락세,0.941230487
1168010400,상지리츠빌5B,서울특별시 강남구 도산대로101길 17-5,127-37번지,11870000,20210531,14740000,20220429,13880000,20230428,01월01일,하락세,0.94165536
1168011000,한양1차(영동한양),서울특별시 강남구 압구정로 321,489번지,21110000,20210531,22650000,20220429,22650000,20230428,01월01일,변동없음,1
1168011000,한양3,서울특별시 강남구 압구정로 321,489번지,21110000,20210531,22650000,20220429,22650000,20230428,01월01일,변동없음,1
1168010400,삼호빌라씨동,서울특별시 강남구 도산대로83길 55,104-5번지,15580000,20210531,19300000,20220429,18180000,20230428,01월01일,하락세,0.941968912
1168010400,연세힐하우스(Ⅱ),서울특별시 강남구 압구정로75길 39,102-5번지,15580000,20210531,19300000,20220429,18180000,20230428,01월01일,하락세,0.941968912
1168010400,엘지빌라,서울특별시 강남구 압구정로75길 40,104-2번지,15580000,20210531,19300000,20220429,18180000,20230428,01월01일,하락세,0.941968912
1168010400,상지리츠빌5A,서울특별시 강남구 도산대로89길 36,127-12번지,12220000,20210531,15170000,20220429,14290000,20230428,01월01일,하락세,0.941990771
1168010400,상지리츠빌(127-16),서울특별시 강남구 도산대로101길 15,127-16번지,11980000,20210531,14870000,20220429,14020000,20230428,01월01일,하락세,0.942837929
1168010400,청담래미안,서울특별시 강남구 학동로 405,42번지,18700000,20210531,21500000,20220429,21800000,20230428,01월01일,상승세,1.013953488
1168010400,청담우방아파트,서울특별시 강남구 학동로 409,43번지,18700000,20210531,21500000,20220429,21800000,20230428,01월01일,상승세,1.013953488
1168010400,뉴현대리버빌,서울특별시 강남구 영동대로142길 7,130-10번지,13210000,20210531,15510000,20220429,14650000,20230428,01월01일,하락세,0.944551902
1168010400,대우멤버스카운티Ⅱ,서울특별시 강남구 도산대로100길 22-15,59-2번지,10500000,20210531,11600000,20220429,10970000,20230428,01월01일,하락세,0.945689655
1168010400,연세청담파크빌,서울특별시 강남구 삼성로140길 35,59-21번지,10500000,20210531,11600000,20220429,10970000,20230428,01월01일,하락세,0.945689655
1168010400,청담대우로얄카운티5차,서울특별시 강남구 도산대로100길 30,59-13번지,9975000,20210531,11130000,20220429,10530000,20230428,01월01일,하락세,0.946091644
1168010400,연세빌라(59-16),서울특별시 강남구 도산대로98길 31,59-16번지,9975000,20210531,11130000,20220429,10530000,20230428,01월01일,하락세,0.946091644
1168010400,청담디에브스아파트,서울특별시 강남구 도산대로92길 28,62-6번지,8835000,20210531,10800000,20220429,10220000,20230428,01월01일,하락세,0.946296296
1168010400,더 갤러리파크,서울특별시 강남구 영동대로141길 14,54-4번지,9801000,20210531,11490000,20220429,10890000,20230428,01월01일,하락세,0.947780679
1168011400,삼성,서울특별시 강남구 개포로124길 27,626번지,13400000,20210531,15400000,20220429,14600000,20230428,01월01일,하락세,0.948051948
1168010300,에버그린,서울특별시 강남구 선릉로8길 5,166-4번지,9580000,20210531,11000000,20220429,10430000,20230428,01월01일,하락세,0.948181818
1168010400,청담범신칼릭스빌2차,서울특별시 강남구 도산대로89길 35,109-16번지,11290000,20210531,13580000,20220429,12880000,20230428,01월01일,하락세,0.948453608
1168010300,새롬(1164-12),서울특별시 강남구 논현로2길 34,1164-12번지,6925000,20210531,7965000,20220429,7555000,20230428,01월01일,하락세,0.948524796
1168010300,새롬(1164-13),서울특별시 강남구 논현로2길 36,1164-13번지,6925000,20210531,7965000,20220429,7555000,20230428,01월01일,하락세,0.948524796
1168010300,새롬(1164-14),서울특별시 강남구 논현로2길 38,1164-14번지,6925000,20210531,7965000,20220429,7555000,20230428,01월01일,하락세,0.948524796
1168010300,한림,서울특별시 강남구 논현로2길 50,1164-20번지,7035000,20210531,8065000,20220429,7650000,20230428,01월01일,하락세,0.948543087
1168010300,리더스,서울특별시 강남구 논현로2길 62,1164-25번지,7035000,20210531,8065000,20220429,7650000,20230428,01월01일,하락세,0.948543087
1168010300,아람손프라자/비바빌,서울특별시 강남구 논현로2길 22,1164-7번지,7132000,20210531,8203000,20220429,7781000,20230428,01월01일,하락세,0.948555407
1168010300,우성8,서울특별시 강남구 개포로 411,179번지,16860000,20210531,19540000,20220429,18540000,20230428,01월01일,하락세,0.948822927
1168010300,현대3,서울특별시 강남구 개포로 409,177번지,16700000,20210531,19350000,20220429,18360000,20230428,01월01일,하락세,0.948837209
1168011400,샘터마을,서울특별시 강남구 일원로 120,718번지,16670000,20210531,18880000,20220429,17920000,20230428,01월01일,하락세,0.949152542
1168010400,청담아르지움,서울특별시 강남구 삼성로135길 15,32번지,11070000,20210531,12980000,20220429,12320000,20230428,01월01일,하락세,0.949152542
1168010400,골든아트빌,서울특별시 강남구 삼성로135길 28,28-13번지,11070000,20210531,12980000,20220429,12320000,20230428,01월01일,하락세,0.949152542
1168011400,디에이치자이개포,서울특별시 강남구 영동대로 22,743번지,,,18700000,20220429,17750000,20230428,01월01일,하락세,0.949197861
1168011400,푸른마을 아파트 101동~111동,서울특별시 강남구 일원로14길 25,719번지,16350000,20210531,18700000,20220429,17750000,20230428,01월01일,하락세,0.949197861
1168011400,현대4,서울특별시 강남구 개포로110길 21,614번지,14120000,20210531,16150000,20220429,15330000,20230428,01월01일,하락세,0.949226006
1168011400,상록수,서울특별시 강남구 광평로10길 15,716번지,15850000,20210531,18130000,20220429,17210000,20230428,01월01일,하락세,0.949255378
1168011400,목련타운,서울특별시 강남구 광평로19길 15,716번지,15850000,20210531,18130000,20220429,17210000,20230428,01월01일,하락세,0.949255378
1168011400,가람,서울특별시 강남구 일원로 127,735번지,15660000,20210531,17740000,20220429,16840000,20230428,01월01일,하락세,0.949267193
1168011400,디에이치 포레센트,서울특별시 강남구 개포로110길 38,742번지,13670000,20211029,15180000,20220429,14410000,20230428,07월01일,하락세,0.949275362
1168011400,우성7,서울특별시 강남구 개포로110길 15,615번지,15690000,20210531,17950000,20220429,17040000,20230428,01월01일,하락세,0.949303621
1168011400,개포한신,서울특별시 강남구 개포로110길 43,615-1번지,15690000,20210531,17950000,20220429,17040000,20230428,01월01일,하락세,0.949303621
1168011400,서울개포상록스타힐스아파트,서울특별시 강남구 영동대로 16,688번지,15360000,20210531,17570000,20220429,16680000,20230428,01월01일,하락세,0.949345475
1168010400,우성아파트,서울특별시 강남구 삼성로147길 22,11-25번지,8504000,20210531,9951000,20220429,9448000,20230428,01월01일,하락세,0.949452316
1168011400,한솔마을,서울특별시 강남구 광평로10길 6,731번지,14890000,20210531,17030000,20220429,16170000,20230428,01월01일,하락세,0.949500881
1168011400,래미안개포루체하임,서울특별시 강남구 개포로110길 50,741번지,14740000,20210531,16860000,20220429,16010000,20230428,01월01일,하락세,0.949584816
1168010300,우찬현대(1260-11),서울특별시 강남구 개포로31길 3-12,1260-11번지,5645000,20210531,6303000,20220429,5986000,20230428,01월01일,하락세,0.949706489
1168010300,우찬현대(1260-4),서울특별시 강남구 개포로31길 9-5,1260-4번지,5645000,20210531,6303000,20220429,5986000,20230428,01월01일,하락세,0.949706489
1168010300,우찬현대(1260-2),서울특별시 강남구 개포로31길 9-9,1260-2번지,5645000,20210531,6303000,20220429,5986000,20230428,01월01일,하락세,0.949706489
1168010300,개포자이(12-2),서울특별시 강남구 개포로109길 69,12-2번지,13090000,20210531,14750000,20220429,14010000,20230428,01월01일,하락세,0.949830508
1168010300,상지리츠빌,서울특별시 강남구 개포로 405,176-1번지,16690000,20210531,19338000,20220429,18370000,20230428,01월01일,하락세,0.949943117
1168010300,디에이치아너힐즈,서울특별시 강남구 삼성로 11,1281번지,17710000,20210531,19990000,20220429,18990000,20230428,01월01일,하락세,0.949974987
1168010400,아노스카운트빌라트,서울특별시 강남구 도산대로61길 13,90-17번지,16950000,20210531,19800000,20220429,18810000,20230428,01월01일,하락세,0.95
1168010400,청담대우멤버스카운티8차,서울특별시 강남구 도산대로85길 50-10,110번지,12250000,20210531,14640000,20220429,13910000,20230428,01월01일,하락세,0.950136612
1168010400,청담대우멤버스카운티12차,서울특별시 강남구 도산대로99길 30,110-11번지,11970000,20210531,14440000,20220429,13720000,20230428,01월01일,하락세,0.950138504
1168010400,청담8차상지리츠빌,서울특별시 강남구 도산대로83길 22,121-14번지,12600000,20210531,15050000,20220429,14300000,20230428,01월01일,하락세,0.950166113
1168010400,삼호빌라A동,서울특별시 강남구 도산대로83길 43,113-16번지,12600000,20210531,15050000,20220429,14300000,20230428,01월01일,하락세,0.950166113
1168010400,삼호빌라B동,서울특별시 강남구 도산대로83길 49,113-23번지,12600000,20210531,15050000,20220429,14300000,20230428,01월01일,하락세,0.950166113
1168010400,상지리츠빌10차,서울특별시 강남구 도산대로85길 24,122-1번지,12600000,20210531,15050000,20220429,14300000,20230428,01월01일,하락세,0.950166113
1168010400,청담대우멤버스카운티11차,서울특별시 강남구 도산대로87길 23,122-15번지,12600000,20210531,15050000,20220429,14300000,20230428,01월01일,하락세,0.950166113
1168010400,청담대우멤버스카운티10차,서울특별시 강남구 도산대로87길 34,110-13번지,12600000,20210531,15050000,20220429,14300000,20230428,01월01일,하락세,0.950166113
1168010400,청담대우멤버스카운티6차,서울특별시 강남구 도산대로87길 38,110-4번지,12600000,20210531,15050000,20220429,14300000,20230428,01월01일,하락세,0.950166113
1168010400,청담대우멤버스카운티9차,서울특별시 강남구 도산대로99길 28-7,110-7번지,12600000,20210531,15050000,20220429,14300000,20230428,01월01일,하락세,0.950166113
1168010400,효성빌라청담,서울특별시 강남구 압구정로71길 28,101번지,12600000,20210531,15050000,20220429,14300000,20230428,01월01일,하락세,0.950166113
1168010400,"청담힐A동, 진도B동",서울특별시 강남구 압구정로77길 36,113-6번지,12600000,20210531,15050000,20220429,14300000,20230428,01월01일,하락세,0.950166113
1168010400,상지리츠빌4B,서울특별시 강남구 압구정로77길 39,114-18번지,12600000,20210531,15050000,20220429,14300000,20230428,01월01일,하락세,0.950166113
1168010400,"청담힐A동, 진도B동",서울특별시 강남구 압구정로77길 42,113번지,12600000,20210531,15050000,20220429,14300000,20230428,01월01일,하락세,0.950166113
1168010400,상지리츠빌4A,서울특별시 강남구 압구정로77길 43,114번지,12600000,20210531,15050000,20220429,14300000,20230428,01월01일,하락세,0.950166113
1168010400,연세빌라(102-6),서울특별시 강남구 선릉로190길 78,102-6번지,17370000,20210531,21880000,20220429,20790000,20230428,01월01일,하락세,0.950182815
1168010400,현대한강빌라,서울특별시 강남구 도산대로85길 56,106번지,17730000,20210531,22110000,20220429,21010000,20230428,01월01일,하락세,0.950248756
1168010400,연세리버테라스,서울특별시 강남구 선릉로190길 64,102번지,17730000,20210531,22110000,20220429,21010000,20230428,01월01일,하락세,0.950248756
1168010400,연세리버빌3,서울특별시 강남구 선릉로190길 84,104번지,17730000,20210531,22110000,20220429,21010000,20230428,01월01일,하락세,0.950248756
1168010400,대우로얄카운티2,서울특별시 강남구 도산대로81길 26,116-5번지,13400000,20210531,16310000,20220429,15500000,20230428,01월01일,하락세,0.950337216
1168010400,호원빌라,서울특별시 강남구 압구정로75길 15,115-17번지,13400000,20210531,16310000,20220429,15500000,20230428,01월01일,하락세,0.950337216
1168010400,연세힐하우스1,서울특별시 강남구 압구정로71길 30-11,102-2번지,14300000,20210531,17550000,20220429,16680000,20230428,01월01일,하락세,0.95042735
1168010300,뉴현대파크빌,서울특별시 강남구 논현로2길 61-4,1164-30번지,5090000,20210531,5695000,20220429,5413000,20230428,01월01일,하락세,0.95048288
1168010400,청담(건영),서울특별시 강남구 도산대로89길 49,108번지,16840000,20210531,21210000,20220429,20160000,20230428,01월01일,하락세,0.95049505
1168010400,청담파라곤Ⅱ 2단지,서울특별시 강남구 선릉로190길 68,102-13번지,16840000,20210531,21210000,20220429,20160000,20230428,01월01일,하락세,0.95049505
1168010400,청담파라곤Ⅱ 1단지,서울특별시 강남구 압구정로71길 32,102-1번지,16840000,20210531,21210000,20220429,20160000,20230428,01월01일,하락세,0.95049505
1168010300,전화국현대(220),서울특별시 강남구 언주로 103,655-2번지,17380000,20210531,20000000,20220429,19010000,20230428,01월01일,하락세,0.9505
1168010300,개포현대200동,서울특별시 강남구 언주로 105,655-1번지,17380000,20210531,20000000,20220429,19010000,20230428,01월01일,하락세,0.9505
1168010400,연세리버빌,서울특별시 강남구 선릉로190길 72,102-7번지,17010000,20210531,21230000,20220429,20180000,20230428,01월01일,하락세,0.950541686
1168010400,씨티2차(202동),서울특별시 강남구 선릉로190길 90,104-13번지,17010000,20210531,21230000,20220429,20180000,20230428,01월01일,하락세,0.950541686
1168010400,강변상지리츠빌,서울특별시 강남구 선릉로190길 112,106-17번지,17010000,20210531,21230000,20220429,20180000,20230428,01월01일,하락세,0.950541686
1168010400,씨티2차(201동),서울특별시 강남구 선릉로190길 92,104-19번지,17510000,20210531,21840000,20220429,20760000,20230428,01월01일,하락세,0.950549451
1168010300,포이현대빌라트,서울특별시 강남구 논현로4길 50,1165번지,5242000,20210531,5865000,20220429,5575000,20230428,01월01일,하락세,0.950554135
1168010300,개포주공 6단지,서울특별시 강남구 개포로 516,185번지,14250000,20210531,16400000,20220429,15590000,20230428,01월01일,하락세,0.950609756
1168010300,개포주공 7단지,서울특별시 강남구 개포로 516,185번지,14250000,20210531,16400000,20220429,15590000,20230428,01월01일,하락세,0.950609756
1168010300,현대2,서울특별시 강남구 언주로 107,654번지,16890000,20210531,19440000,20220429,18480000,20230428,01월01일,하락세,0.950617284
1168010300,개포경남,서울특별시 강남구 언주로 110,649번지,16890000,20210531,19440000,20220429,18480000,20230428,01월01일,하락세,0.950617284
1168010300,현대1차101동~106동,서울특별시 강남구 개포로 303,653번지,17600000,20210531,20250000,20220429,19250000,20230428,01월01일,하락세,0.950617284
1168010400,씨티3차,서울특별시 강남구 도산대로83길 58,105번지,17050000,20210531,21490000,20220429,20430000,20230428,01월01일,하락세,0.950674732
1168010400,청담대우멤버스카운티7차,서울특별시 강남구 도산대로85길 50-14,110-3번지,12390000,20210531,14800000,20220429,14070000,20230428,01월01일,하락세,0.950675676
1168010400,목화,서울특별시 강남구 도산대로85길 53,105-6번지,17410000,20210531,21700000,20220429,20630000,20230428,01월01일,하락세,0.950691244
1168010400,이니그마빌,서울특별시 강남구 압구정로62길 17-4,94번지,17300000,20210531,19950000,20220429,18970000,20230428,01월01일,하락세,0.950877193
1168010300,개포 래미안 포레스트,서울특별시 강남구 개포로 264,1282번지,,,19990000,20220429,19010000,20230428,01월01일,하락세,0.950975488
1168010300,래미안블레스티지,서울특별시 강남구 선릉로 8,1280번지,17500000,20210531,20200000,20220429,19210000,20230428,01월01일,하락세,0.950990099
1168010400,청담2차 이-편한세상(204동),서울특별시 강남구 도산대로70길 43,15번지,13300000,20210531,15100000,20220429,14360000,20230428,01월01일,하락세,0.950993377
1168010400,청담2차 이-편한세상(205동),서울특별시 강남구 도산대로78길 51,15-21번지,13300000,20210531,15100000,20220429,14360000,20230428,01월01일,하락세,0.950993377
1168010300,리치타운,서울특별시 강남구 개포로28길 28,1204-5번지,6568000,20210531,7507000,20220429,7140000,20230428,01월01일,하락세,0.951112295
1168010400,신동아빌라트,서울특별시 강남구 도산대로81길 61,141-6번지,17900000,20210531,21160000,20220429,20140000,20230428,01월01일,하락세,0.951795841
1168010400,마크힐스웨스트윙,서울특별시 강남구 영동대로142길 21,130-6번지,13470000,20210531,15850000,20220429,15090000,20230428,01월01일,하락세,0.952050473
1168010400,청담동마크노빌,서울특별시 강남구 도산대로59길 25,89-12번지,15500000,20210531,18150000,20220429,17280000,20230428,01월01일,하락세,0.952066116
1168010400,에비뉴나인티,서울특별시 강남구 도산대로59길 24,90-13번지,15190000,20210531,17960000,20220429,17100000,20230428,01월01일,하락세,0.952115813
1168010400,청담매스터빌,서울특별시 강남구 도산대로81길 69,141-1번지,18390000,20210531,21720000,20220429,20680000,20230428,01월01일,하락세,0.952117864
1168010400,진흥아파트,서울특별시 강남구 학동로87길 9,65번지,17590000,20210531,20340000,20220429,19370000,20230428,01월01일,하락세,0.952310718
1168011400,호정빌라트,서울특별시 강남구 양재대로33길 14,679번지,7805000,20210531,8950000,20220429,8524000,20230428,01월01일,하락세,0.952402235
1168010400,마크힐스이스트윙,서울특별시 강남구 영동대로142길 19,130-7번지,13380000,20210531,15780000,20220429,15030000,20230428,01월01일,하락세,0.952471483
1168010400,청담 신원아침도시마인,서울특별시 강남구 도산대로85길 30,122-35번지,14250000,20210531,17100000,20220429,16290000,20230428,01월01일,하락세,0.952631579
1168010400,청담파크빌,서울특별시 강남구 학동로 437-5,46-12번지,11610000,20210531,13970000,20220429,13320000,20230428,01월01일,하락세,0.953471725
1168010400,라테라스 청담,서울특별시 강남구 학동로81길 9,76-12번지,13050000,20210531,15700000,20220429,14970000,20230428,01월01일,하락세,0.953503185
1168010400,청담그랑빌,서울특별시 강남구 학동로77길 5,46-5번지,12520000,20210531,15070000,20220429,14370000,20230428,01월01일,하락세,0.9535501
1168010400,청담자이,서울특별시 강남구 영동대로138길 12,134-38번지,18050000,20210531,21100000,20220429,20120000,20230428,01월01일,하락세,0.953554502
1168010300,쌍용,서울특별시 강남구 언주로 101,nan번지,14960000,20210531,17530000,20220429,16730000,20230428,01월01일,하락세,0.954363948
1168010400,범신칼릭스빌,서울특별시 강남구 도산대로89길 12,125번지,16760000,20210531,19520000,20220429,18640000,20230428,01월01일,하락세,0.954918033
1168011000,미성2차,서울특별시 강남구 압구정로 113,397번지,20500000,20210531,23030000,20220429,22000000,20230428,01월01일,하락세,0.955275727
1168010400,청담아이파크,서울특별시 강남구 영동대로142길 25,130번지,11640000,20210531,14130000,20220429,13500000,20230428,01월01일,하락세,0.955414013
1168011000,현대8차(성수현대:91~95동),서울특별시 강남구 압구정로 309,481번지,21110000,20210531,23660000,20220429,22650000,20230428,01월01일,하락세,0.957311919
1168011000,한양4,서울특별시 강남구 압구정로 313,484번지,21110000,20210531,23660000,20220429,22650000,20230428,01월01일,하락세,0.957311919
1168011000,한양6,서울특별시 강남구 압구정로 313,484번지,21110000,20210531,23660000,20220429,22650000,20230428,01월01일,하락세,0.957311919
1168011000,한양2,서울특별시 강남구 압구정로 347,493번지,21110000,20210531,23660000,20220429,22650000,20230428,01월01일,하락세,0.957311919
1168011000,한양5,서울특별시 강남구 압구정로 401,513번지,21110000,20210531,23660000,20220429,22650000,20230428,01월01일,하락세,0.957311919
1168011000,"현대6,7차",서울특별시 강남구 압구정로 201,458번지,20500000,20210531,23030000,20220429,22050000,20230428,01월01일,하락세,0.957446809
1168011000,현대65동(대림아크로빌아파트),서울특별시 강남구 압구정로 201,458번지,20500000,20210531,23030000,20220429,22050000,20230428,01월01일,하락세,0.957446809
1168011000,한양8(81동한개동),서울특별시 강남구 압구정로 403,510번지,21110000,20210531,24150000,20220429,23130000,20230428,01월01일,하락세,0.957763975
1168011000,한양7,서울특별시 강남구 압구정로61길 37,528번지,21110000,20210531,24150000,20220429,23130000,20230428,01월01일,하락세,0.957763975
1168010300,포이벨리,서울특별시 강남구 양재대로 379,1164-28번지,4820000,20210531,5393000,20220429,5180000,20230428,01월01일,하락세,0.960504358
1168010400,퍼즐하우스,서울특별시 강남구 도산대로67길 13-12,94-3번지,15910000,20210531,18150000,20220429,17450000,20230428,01월01일,하락세,0.961432507
1168011000,현대빌라트,서울특별시 강남구 압구정로29길 49,446번지,21990000,20210531,25160000,20220429,24210000,20230428,01월01일,하락세,0.962241653
1168011000,미성1차,서울특별시 강남구 압구정로11길 17,414번지,19800000,20210531,22650000,20220429,21800000,20230428,01월01일,하락세,0.962472406
1168011000,현대4차저층(51~56동),서울특별시 강남구 압구정로33길 70,462번지,19160000,20210531,21920000,20220429,21100000,20230428,01월01일,하락세,0.962591241
1168011000,현대3차(61~64동),서울특별시 강남구 압구정로39길 58,464번지,19160000,20210531,21920000,20220429,21100000,20230428,01월01일,하락세,0.962591241
1168011000,현대13차(208~211동),서울특별시 강남구 압구정로29길 23,449번지,21780000,20210531,24910000,20220429,23980000,20230428,01월01일,하락세,0.962665596
1168011000,"현대14차(203,204,205,206동)",서울특별시 강남구 압구정로29길 57,447번지,21780000,20210531,24910000,20220429,23980000,20230428,01월01일,하락세,0.962665596
1168011000,"현대5차(71,72동)",서울특별시 강남구 압구정로29길 68,455번지,21780000,20210531,24910000,20220429,23980000,20230428,01월01일,하락세,0.962665596
1168011000,현대10차,서울특별시 강남구 압구정로29길 69,436번지,21780000,20210531,24910000,20220429,23980000,20230428,01월01일,하락세,0.962665596
1168011000,"현대1,2차",서울특별시 강남구 압구정로29길 71,369-1번지,21780000,20210531,24910000,20220429,23980000,20230428,01월01일,하락세,0.962665596
1168011000,압구정신현대,서울특별시 강남구 압구정로 151,426번지,20500000,20210531,21170000,20220429,20380000,20230428,01월01일,하락세,0.962683042
1168011000,대림빌라트,서울특별시 강남구 압구정로29길 51,444번지,21580000,20210531,24680000,20220429,23760000,20230428,01월01일,하락세,0.962722853
1168010400,더펜트하우스청담,서울특별시 강남구 압구정로79길 88,129번지,22590000,20210531,27520000,20220429,26500000,20230428,01월01일,하락세,0.962936047
1168010400,상지리츠빌카일룸3차,서울특별시 강남구 압구정로79길 72,129-9번지,24040000,20210531,29010000,20220429,27940000,20230428,01월01일,하락세,0.963116167
1168010400,빌폴라리스,서울특별시 강남구 압구정로79길 76,129-7번지,24330000,20210531,29330000,20220429,28250000,20230428,01월01일,하락세,0.963177634
1168010300,그린빌리지,서울특별시 강남구 논현로4길 28,1167번지,5253000,20210531,5931000,20220429,5744000,20230428,01월01일,하락세,0.968470747
1168010400,동양파라곤,서울특별시 강남구 학동로97길 31,69-18번지,16760000,20210531,19530000,20220429,18930000,20230428,01월01일,하락세,0.969278034
1168010400,청담린든그로브,서울특별시 강남구 학동로97길 51,67-1번지,16760000,20210531,19530000,20220429,18930000,20230428,01월01일,하락세,0.969278034
1168010400,"청담2차 이-편한세상(201동,202동,203동)",서울특별시 강남구 도산대로70길 25,14번지,13560000,20210531,15400000,20220429,14930000,20230428,01월01일,하락세,0.969480519
1168010400,래미안청담로이뷰,서울특별시 강남구 영동대로142길 16,134번지,17700000,20210531,20600000,20220429,20000000,20230428,01월01일,하락세,0.970873786
1168010400,진흥아파트,서울특별시 강남구 학동로 513,73번지,20000000,20210531,22630000,20220429,22000000,20230428,01월01일,하락세,0.972160848
1168010400,현대아파트(75-1),서울특별시 강남구 학동로87길 7,75-1번지,20000000,20210531,22630000,20220429,22000000,20230428,01월01일,하락세,0.972160848
1168010400,신동아,서울특별시 강남구 학동로105길 30,134-16번지,16200000,20210531,18700000,20220429,19070000,20230428,01월01일,상승세,1.019786096
1168010400,영풍마드레빌,서울특별시 강남구 학동로63길 13,36번지,11200000,20210531,12600000,20220429,13170000,20230428,01월01일,상승세,1.045238095
1168010400,현대빌라(43-1),서울특별시 강남구 선릉로132길 42,43-1번지,13600000,20210531,16100000,20220429,15780000,20230428,01월01일,하락세,0.980124224
1168010400,청담3차 이-편한세상(301동),서울특별시 강남구 선릉로132길 54,44-21번지,13500000,20210531,15600000,20220429,15290000,20230428,01월01일,하락세,0.980128205
1168010400,청담4차 이-편한세상,서울특별시 강남구 학동로73길 33,28-20번지,15300000,20210531,17900000,20220429,18600000,20230428,01월01일,상승세,1.039106145
1168010400,청담현대3차아파트,서울특별시 강남구 도산대로101길 29,127-31번지,20030000,20210531,23420000,20220429,22990000,20230428,01월01일,하락세,0.981639624
1168010400,대우유로카운티,서울특별시 강남구 도산대로92길 10,50-5번지,18050000,20210531,21100000,20220429,20720000,20230428,01월01일,하락세,0.981990521
1168010400,삼성청담공원아파트,서울특별시 강남구 도산대로96길 39,60번지,18050000,20210531,21100000,20220429,20720000,20230428,01월01일,하락세,0.981990521
1168010400,구산,서울특별시 강남구 도산대로101길 34,128-1번지,17050000,20210531,19510000,20220429,19170000,20230428,01월01일,하락세,0.982573039
1168010400,상지카일룸,서울특별시 강남구 도산대로101길 38,128번지,21020000,20210531,24340000,20220429,23920000,20230428,01월01일,하락세,0.982744454
1168010400,상지리츠빌카일룸2차,서울특별시 강남구 압구정로79길 87,128-18번지,21020000,20210531,24340000,20220429,23920000,20230428,01월01일,하락세,0.982744454
1168010400,상지리츠빌6,서울특별시 강남구 도산대로85길 52,106-1번지,14300000,20210531,17800000,20220429,17730000,20230428,01월01일,하락세,0.996067416
1168011400,수서1-1단지(임대),서울특별시 강남구 양재대로55길 10,711번지,9720000,20210531,10870000,20220429,10850000,20230428,01월01일,하락세,0.998160074
1168011400,수서,서울특별시 강남구 양재대로55길 12,711번지,9720000,20210531,10870000,20220429,10850000,20230428,01월01일,하락세,0.998160074
1168010500,브르넨삼성,서울특별시 강남구 영동대로122길 2,90번지,35920000,20210531,39260000,20220429,37470000,20230428,1월1일,하락세,0.954406521
1168010500,위레벤646,서울특별시 강남구 영동대로 646,78-1번지,29580000,20210531,32450000,20220429,31280000,20230428,1월1일,하락세,0.96394453
1168011800,도곡스타클래스,서울특별시 강남구 남부순환로 2615,957-11번지,39560000,20210531,45880000,20220429,43420000,20230428,1월1일,하락세,0.946381866
1168011800,럭키(462),서울특별시 강남구 남부순환로 2740,462번지,16540000,20210531,19200000,20220429,18160000,20230428,1월1일,하락세,0.945833333
1168011800,삼성래미안,서울특별시 강남구 남부순환로 2803,91-5번지,16490000,20210531,19140000,20220429,18090000,20230428,1월1일,하락세,0.945141066
1168011800,SK허브프리모,서울특별시 강남구 강남대로 240,953-1번지,20660000,20210531,23340000,20220429,22150000,20230428,1월1일,하락세,0.949014567
1168011800,대우디오빌,서울특별시 강남구 강남대로 256,952번지,30010000,20210531,34810000,20220429,32970000,20230428,1월1일,하락세,0.947141626
1168011800,도곡푸르지오 102동,서울특별시 강남구 강남대로 272,949-2번지,24780000,20210531,28750000,20220429,27250000,20230428,1월1일,하락세,0.947826087
1168010500,미켈란107,서울특별시 강남구 영동대로 602,107번지,37280000,20210531,44300000,20220429,42320000,20230428,1월1일,하락세,0.95530474
1168010500,아이파크,서울특별시 강남구 영동대로 640,87번지,22720000,20210531,26900000,20220429,24830000,20230428,1월1일,하락세,0.923048327
1168011800,우성4,서울특별시 강남구 언주로 117,465번지,16380000,20210531,19010000,20220429,17980000,20230428,1월1일,하락세,0.945817991
1168011800,우성캐릭터199,서울특별시 강남구 언주로 118,467-24번지,36640000,20210531,39710000,20220429,37570000,20230428,1월1일,하락세,0.946109292
1168011800,우성캐릭터빌,서울특별시 강남구 언주로 122,467-18번지,36640000,20210531,39710000,20220429,37570000,20230428,1월1일,하락세,0.946109292
1168011800,한신(개포),서울특별시 강남구 언주로 123,464번지,16540000,20210531,19200000,20220429,18160000,20230428,1월1일,하락세,0.945833333
1168011800,매봉삼성,서울특별시 강남구 언주로 203,966번지,16540000,20210531,19200000,20220429,18160000,20230428,1월1일,하락세,0.945833333
1168011800,한신엠비씨,서울특별시 강남구 논현로 205,895-8번지,15890000,20210531,18460000,20220429,17460000,20230428,1월1일,하락세,0.945828819
1168011800,경남,서울특별시 강남구 논현로 209,967번지,15890000,20210531,18460000,20220429,17460000,20230428,1월1일,하락세,0.945828819
1168011800,럭키(963),서울특별시 강남구 논현로 213,963번지,15890000,20210531,18460000,20220429,17460000,20230428,1월1일,하락세,0.945828819
1168011800,삼익,서울특별시 강남구 논현로 218,869번지,15210000,20210531,17670000,20220429,16570000,20230428,1월1일,하락세,0.937747595
1168010500,삼성동신영지웰,서울특별시 강남구 봉은사로 448,114-11번지,24050000,20210531,27960000,20220429,26730000,20230428,1월1일,하락세,0.956008584
1168010500,쌍용플래티넘,서울특별시 강남구 봉은사로 474,117번지,26000000,20210531,29730000,20220429,28380000,20230428,1월1일,하락세,0.954591322
1168010500,포스코트,서울특별시 강남구 봉은사로 510,146번지,33190000,20210531,36580000,20220429,34950000,20230428,1월1일,하락세,0.955440131
1168010500,미켈란147,서울특별시 강남구 봉은사로 516,147-2번지,33970000,20210531,38090000,20220429,36400000,20230428,1월1일,하락세,0.955631399
1168010500,삼성동라테라스,서울특별시 강남구 봉은사로 645,110-2번지,29230000,20210531,33210000,20220429,31740000,20230428,1월1일,하락세,0.955736224
1168010500,채널리저브,서울특별시 강남구 삼성로 517,144-14번지,52360000,20210531,57820000,20220429,55200000,20230428,1월1일,하락세,0.95468696
1168010500,삼성동센트럴아이파크,서울특별시 강남구 삼성로 629,188번지,19650000,20210531,22550000,20220429,21470000,20230428,1월1일,하락세,0.95210643
1168010500,상지리츠빌카일룸(65-4),서울특별시 강남구 삼성로 636,65-4번지,24220000,20210531,26980000,20220429,25760000,20230428,1월1일,하락세,0.954781319
1168010500,래미안라클래시,서울특별시 강남구 삼성로 651,189번지,,20210531,24860000,20220429,23680000,20230428,1월1일,하락세,0.952534191
1168011800,도곡렉슬,서울특별시 강남구 선릉로 221,527번지,23370000,20210531,26980000,20220429,25890000,20230428,1월1일,하락세,0.959599703
1168010500,호산프라자,서울특별시 강남구 선릉로 604,37번지,22860000,20210531,26040000,20220429,24850000,20230428,1월1일,하락세,0.954301075
1168010500,삼성동브라운스톤레전드,서울특별시 강남구 선릉로 660,8-2번지,28920000,20210531,31920000,20220429,30470000,20230428,1월1일,하락세,0.954573935
1168010500,현대타워(13층-27층),서울특별시 강남구 테헤란로 423,143-37번지,72510000,20210531,69200000,20220429,70100000,20230428,1월1일,상승세,1.01300578
1168010500,삼성월드타워,서울특별시 강남구 학동로 408,3-1번지,19500000,20210531,22500000,20220429,21800000,20230428,1월1일,하락세,0.968888889
1168010500,삼성동씨엘케이,서울특별시 강남구 학동로 410,3-2번지,18000000,20210531,20800000,20220429,20670000,20230428,1월1일,하락세,0.99375
1168010500,석탑아파트101동,서울특별시 강남구 학동로 412,3-3번지,17800000,20210531,20600000,20220429,21300000,20230428,1월1일,상승세,1.033980583
1168010500,푸른솔아파트1동,서울특별시 강남구 학동로 420,4-3번지,20400000,20210531,23600000,20220429,22420000,20230428,1월1일,하락세,0.95
1168010500,삼성동롯데아파트,서울특별시 강남구 학동로 432,17번지,19800000,20210531,23000000,20220429,21300000,20230428,1월1일,하락세,0.926086957
1168011800,도곡루아르,서울특별시 강남구 도곡로 128,941-1번지,15360000,20210531,17530000,20220429,16550000,20230428,1월1일,하락세,0.944095836
1168011800,삼호,서울특별시 강남구 도곡로 242,540번지,16540000,20210531,19200000,20220429,18160000,20230428,1월1일,하락세,0.945833333
1168011800,래미안도곡카운티,서울특별시 강남구 도곡로 320,538-3번지,23060000,20210531,26660000,20220429,26940000,20230428,1월1일,상승세,1.010502626
1168011100,세곡푸르지오,서울특별시 강남구 자곡로 21,533번지,7245000,20210531,8300000,20220429,7916000,20230428,1월1일,하락세,0.95373494
1168011800,도곡그린빌,서울특별시 강남구 강남대로44길 24,955번지,10080000,20210531,11380000,20220429,10870000,20230428,1월1일,하락세,0.955184534
1168011800,삼경하이빌2,서울특별시 강남구 강남대로48길 15,948-5번지,7226000,20210531,8352000,20220429,7915000,20230428,1월1일,하락세,0.947677203
1168011800,조이너스 도곡,서울특별시 강남구 강남대로48길 24,950-19번지,7155000,20210531,8270000,20220429,7837000,20230428,1월1일,하락세,0.94764208
1168011800,도곡푸르지오,서울특별시 강남구 강남대로54길 6,949-1번지,11980000,20210531,13610000,20220429,12810000,20230428,1월1일,하락세,0.941219691
1168011800,도곡동 STAY77,서울특별시 강남구 남부순환로351길 4,957번지,15270000,20210531,17260000,20220429,16380000,20230428,1월1일,하락세,0.949015064
1168011800,원팰리스,서울특별시 강남구 남부순환로351길 23,952-14번지,10650000,20210531,11970000,20220429,11390000,20230428,1월1일,하락세,0.95154553
1168011800,도곡하이빌,서울특별시 강남구 남부순환로363길 9-6,919-3번지,5900000,20210531,6715000,20220429,6375000,20230428,1월1일,하락세,0.949367089
1168011800,도곡쌍용예가,서울특별시 강남구 남부순환로363길 30,902-8번지,13480000,20210531,15650000,20220429,14680000,20230428,1월1일,하락세,0.938019169
1168011800,역삼우성,서울특별시 강남구 남부순환로363길 49,934-10번지,12800000,20210531,14860000,20220429,13940000,20230428,1월1일,하락세,0.938088829
1168011800,중명하니빌,서울특별시 강남구 남부순환로365길 5,965번지,12800000,20210531,14860000,20220429,13940000,20230428,1월1일,하락세,0.938088829
1168011800,한라비발디,서울특별시 강남구 남부순환로365길 33,972번지,13480000,20210531,15650000,20220429,15120000,20230428,1월1일,하락세,0.966134185
1168011800,도곡스타빌,서울특별시 강남구 남부순환로370길 20,514-3번지,8986000,20210531,10010000,20220429,9655000,20230428,1월1일,하락세,0.964535465
1168011800,도곡지웰카운티 101동,서울특별시 강남구 남부순환로373길 3,199-4번지,7019000,20210531,8075000,20220429,7666000,20230428,1월1일,하락세,0.949349845
1168011800,리치아르떼빌,서울특별시 강남구 남부순환로373길 4,194번지,6746000,20210531,7761000,20220429,7368000,20230428,1월1일,하락세,0.949362196
1168011800,도곡지웰카운티 102동,서울특별시 강남구 남부순환로373길 9,199-1번지,7019000,20210531,8075000,20220429,7666000,20230428,1월1일,하락세,0.949349845
1168011800,월드메르디앙102동,서울특별시 강남구 남부순환로373길 14,200-5번지,7551000,20210531,8765000,20220429,8246000,20230428,1월1일,하락세,0.940787222
1168011800,월드메르디앙101동,서울특별시 강남구 남부순환로373길 15,200-1번지,6815000,20210531,7840000,20220429,7443000,20230428,1월1일,하락세,0.949362245
1168011800,이니그마빌-III,서울특별시 강남구 남부순환로373길 21,201번지,6815000,20210531,7840000,20220429,7443000,20230428,1월1일,하락세,0.949362245
1168011800,상지리츠빌 카일룸,서울특별시 강남구 남부순환로373길 23,202번지,6815000,20210531,7840000,20220429,7443000,20230428,1월1일,하락세,0.949362245
1168011800,PLUMHILLS,서울특별시 강남구 남부순환로373길 26,193-67번지,6944000,20210531,7988000,20220429,7584000,20230428,1월1일,하락세,0.949424136
1168011800,벨라빌,서울특별시 강남구 남부순환로375길 6,193-42번지,7632000,20210531,8859000,20220429,8336000,20230428,1월1일,하락세,0.940963991
1168011800,도곡현대힐스테이트 102동,서울특별시 강남구 남부순환로377길 18,183-7번지,12340000,20210531,14330000,20220429,13600000,20230428,1월1일,하락세,0.94905792
1168011800,도곡현대힐스테이트 105동,서울특별시 강남구 남부순환로377길 22,184-3번지,12340000,20210531,14330000,20220429,13300000,20230428,1월1일,하락세,0.928122819
1168011800,현대파크빌라,서울특별시 강남구 남부순환로377길 25,192-2번지,6855000,20210531,7875000,20220429,7478000,20230428,1월1일,하락세,0.949587302
1168011800,힐데스하임빌라,서울특별시 강남구 남부순환로377길 26,193-1번지,7677000,20210531,8898000,20220429,8375000,20230428,1월1일,하락세,0.941222747
1168011800,로덴하우스 이스트빌리지,서울특별시 강남구 남부순환로378길 9,462-1번지,12020000,20210531,13960000,20220429,13100000,20230428,1월1일,하락세,0.938395415
1168011800,로덴하우스 웨스트빌리지,서울특별시 강남구 남부순환로378길 11,462-2번지,13440000,20210531,15600000,20220429,14640000,20230428,1월1일,하락세,0.938461538
1168011800,삼성,서울특별시 강남구 남부순환로379길 14,161번지,12900000,20210531,14640000,20220429,14200000,20230428,1월1일,하락세,0.969945355
1168011800,도곡현대힐스테이트 101동,서울특별시 강남구 남부순환로379길 15,183번지,12340000,20210531,14330000,20220429,13600000,20230428,1월1일,하락세,0.94905792
1168011800,도곡현대힐스테이트 103동,서울특별시 강남구 남부순환로379길 19,183-8번지,12220000,20210531,14190000,20220429,13170000,20230428,1월1일,하락세,0.928118393
1168011800,현대향목빌라트,서울특별시 강남구 남부순환로379길 26,153-2번지,6711000,20210531,7709000,20220429,7320000,20230428,1월1일,하락세,0.949539499
1168011800,그랜빌캐슬,서울특별시 강남구 남부순환로379길 35,190-3번지,6711000,20210531,7709000,20220429,7320000,20230428,1월1일,하락세,0.949539499
1168011800,포스코트,서울특별시 강남구 남부순환로381길 15,164-6번지,16380000,20210531,19010000,20220429,17980000,20230428,1월1일,하락세,0.945817991
1168011800,울트라멤버스,서울특별시 강남구 남부순환로381길 25,162-4번지,12580000,20210531,14610000,20220429,13870000,20230428,1월1일,하락세,0.94934976
1168011800,필로스(193-45),서울특별시 강남구 남부순환로381길 57,193-45번지,6944000,20210531,7988000,20220429,8499000,20230428,1월1일,상승세,1.063970956
1168011800,현대그린1,서울특별시 강남구 논현로51길 25,964번지,13350000,20210531,15500000,20220429,14540000,20230428,1월1일,하락세,0.938064516
1168011800,롯데캐슬모닝,서울특별시 강남구 도곡로14길 12,551-28번지,14570000,20210531,16540000,20220429,15860000,20230428,1월1일,하락세,0.958887545
1168011800,파크힐,서울특별시 강남구 도곡로14길 14-1,550-1번지,6523000,20210531,7437000,20220429,6967000,20230428,1월1일,하락세,0.936802474
1168011800,도곡3차아이파크,서울특별시 강남구 도곡로14길 21,970번지,14860000,20210531,16880000,20220429,16190000,20230428,1월1일,하락세,0.959123223
1168011800,도곡3차아이파크,서울특별시 강남구 도곡로14길 27,971번지,14860000,20210531,16880000,20220429,16190000,20230428,1월1일,하락세,0.959123223
1168011800,도곡2차 I-PARK,서울특별시 강남구 도곡로14길 28,969번지,13050000,20210531,15150000,20220429,14220000,20230428,1월1일,하락세,0.938613861
1168011800,현대아파트 1동~3동,서울특별시 강남구 도곡로18길 34,961번지,14570000,20210531,16540000,20220429,15860000,20230428,1월1일,하락세,0.958887545
1168011800,현대아파트 1동~3동,서울특별시 강남구 도곡로18길 35,962번지,13480000,20210531,15650000,20220429,14680000,20230428,1월1일,하락세,0.938019169
1168011800,삼경하이빌1,서울특별시 강남구 도곡로2길 46,948-4번지,7226000,20210531,8352000,20220429,7915000,20230428,1월1일,하락세,0.947677203
1168011800,하이페리온,서울특별시 강남구 도곡로4길 31,968번지,12340000,20210531,14330000,20220429,13440000,20230428,1월1일,하락세,0.937892533
1168011800,현대아이리스1,서울특별시 강남구 도곡로6길 14,944-5번지,6240000,20210531,7264000,20220429,6903000,20230428,1월1일,하락세,0.950302863
1168011800,대명비발디,서울특별시 강남구 도곡로6길 18,944-6번지,6240000,20210531,7264000,20220429,6903000,20230428,1월1일,하락세,0.950302863
1168010500,삼성풍림2차아파트,서울특별시 강남구 봉은사로105길 12-7,104번지,13400000,20210531,15500000,20220429,15370000,20230428,1월1일,하락세,0.991612903
1168010500,삼성동에스케이뷰,서울특별시 강남구 봉은사로109길 14-8,101번지,13100000,20210531,15100000,20220429,15220000,20230428,1월1일,상승세,1.00794702
1168010500,시티(A동),서울특별시 강남구 봉은사로109길 66-1,97번지,12330000,20210531,14900000,20220429,13690000,20230428,1월1일,하락세,0.918791946
1168010500,시티(B동),서울특별시 강남구 봉은사로109길 66-7,97-2번지,12330000,20210531,14900000,20220429,13690000,20230428,1월1일,하락세,0.918791946
1168010500,금호어울림,서울특별시 강남구 봉은사로111길 25,102-2번지,13800000,20210531,16000000,20220429,16180000,20230428,1월1일,상승세,1.01125
1168010500,삼부아파트(101동),서울특별시 강남구 봉은사로111길 26,99-13번지,15600000,20210531,18100000,20220429,18740000,20230428,1월1일,상승세,1.035359116
1168010500,삼부아파트 102동,서울특별시 강남구 봉은사로111길 34,99번지,15600000,20210531,18100000,20220429,18740000,20230428,1월1일,상승세,1.035359116
1168010500,강변삼부아파트,서울특별시 강남구 봉은사로113길 25,99-12번지,15600000,20210531,18100000,20220429,18740000,20230428,1월1일,상승세,1.035359116
1168010500,신동아듀크빌,서울특별시 강남구 봉은사로113길 33,99-11번지,14180000,20210531,17060000,20220429,16310000,20230428,1월1일,하락세,0.956037515
1168010500,골든빌(99-1),서울특별시 강남구 봉은사로113길 39,99-1번지,13950000,20210531,16780000,20220429,16180000,20230428,1월1일,하락세,0.964243147
1168010500,대우멤버스카운티501,서울특별시 강남구 봉은사로55길 36,33-22번지,10160000,20210531,12090000,20220429,11270000,20230428,1월1일,하락세,0.932175352
1168010500,노블테라스,서울특별시 강남구 봉은사로57길 17,36-12번지,8470000,20210531,9672000,20220429,9234000,20230428,1월1일,하락세,0.95471464
1168010500,대우멤버스카운티301,서울특별시 강남구 봉은사로57길 33,33-24번지,10160000,20210531,12090000,20220429,11270000,20230428,1월1일,하락세,0.932175352
1168010500,대우멤버스카운티201,서울특별시 강남구 봉은사로57길 37,33-20번지,8704000,20210531,10090000,20220429,9682000,20230428,1월1일,하락세,0.959563925
1168010500,SM드림빌,서울특별시 강남구 봉은사로61길 34,29-11번지,10740000,20210531,12520000,20220429,11890000,20230428,1월1일,하락세,0.949680511
1168010500,삼성벨라스빌,서울특별시 강남구 봉은사로63길 47,29-19번지,10070000,20210531,11800000,20220429,11180000,20230428,1월1일,하락세,0.947457627
1168010500,이안애빌,서울특별시 강남구 봉은사로68길 65,130번지,10960000,20210531,12480000,20220429,11880000,20230428,1월1일,하락세,0.951923077
1168010500,로프트원,서울특별시 강남구 봉은사로71길 7,45-6번지,13130000,20210531,15350000,20220429,14610000,20230428,1월1일,하락세,0.951791531
1168010500,상아빌라트,서울특별시 강남구 봉은사로71길 13,47-20번지,11750000,20210531,11750000,20220429,12830000,20230428,1월1일,상승세,1.091914894
1168010500,삼성동드림하우스,서울특별시 강남구 봉은사로71길 19,47-18번지,9720000,20210531,11880000,20220429,11050000,20230428,1월1일,하락세,0.93013468
1168010500,영무예다음,서울특별시 강남구 봉은사로72길 33,122-7번지,9465000,20210531,11550000,20220429,11550000,20230428,1월1일,변동없음,1
1168010500,한일,서울특별시 강남구 봉은사로73길 23,48번지,14800000,20210531,17100000,20220429,16760000,20230428,1월1일,하락세,0.980116959
1168010500,현대빌라트,서울특별시 강남구 봉은사로74길 5,117-18번지,11760000,20210531,13870000,20220429,13220000,20230428,1월1일,하락세,0.953136265
1168010500,삼성동대유리채,서울특별시 강남구 봉은사로78길 27,120-9번지,12560000,20210531,14930000,20220429,14230000,20230428,1월1일,하락세,0.953114534
1168010500,우림루미아트,서울특별시 강남구 봉은사로81길 8,75-3번지,8836000,20210531,10120000,20220429,9614000,20230428,1월1일,하락세,0.95
1168010500,삼성아셈,서울특별시 강남구 봉은사로82길 24,150-5번지,12900000,20210531,15650000,20220429,14910000,20230428,1월1일,하락세,0.952715655
1168010500,삼성동신도브래뉴,서울특별시 강남구 삼성로103길 12,121-38번지,16520000,20210531,19250000,20220429,18350000,20230428,1월1일,하락세,0.953246753
1168010500,삼성그랑빌,서울특별시 강남구 삼성로104길 5,150-20번지,15080000,20210531,18430000,20220429,17600000,20230428,1월1일,하락세,0.954964731
1168010500,현대힐스테이트 2단지,서울특별시 강남구 삼성로111길 8,50번지,19800000,20210531,22700000,20220429,21230000,20230428,1월1일,하락세,0.935242291
1168010500,삼성팰리스(71-16),서울특별시 강남구 삼성로112길 8,71-16번지,11560000,20210531,13280000,20220429,12730000,20230428,1월1일,하락세,0.958584337
1168010500,심포니하우스,서울특별시 강남구 삼성로120길 6,66-1번지,11050000,20210531,12650000,20220429,12010000,20230428,1월1일,하락세,0.949407115
1168010500,삼성루첸시아,서울특별시 강남구 삼성로120길 17,64-6번지,9325000,20210531,10660000,20220429,10110000,20230428,1월1일,하락세,0.948405253
1168010500,세방타운하우스,서울특별시 강남구 삼성로120길 21,64-7번지,9507000,20210531,10870000,20220429,10310000,20230428,1월1일,하락세,0.948482061
1168010500,현대삼성동1차,서울특별시 강남구 삼성로120길 52-5,57-9번지,10700000,20210531,12260000,20220429,11640000,20230428,1월1일,하락세,0.949429038
1168010500,형우빌라,서울특별시 강남구 삼성로126길 20,64-9번지,10940000,20210531,12670000,20220429,12010000,20230428,1월1일,하락세,0.947908445
1168010500,삼성파크,서울특별시 강남구 삼성로99길 14,126번지,13840000,20210531,16000000,20220429,15070000,20230428,1월1일,하락세,0.941875
1168010500,LG선릉에클라트(A),서울특별시 강남구 선릉로100길 42,142-7번지,25200000,20210531,28890000,20220429,27560000,20230428,1월1일,하락세,0.953963309
1168010500,주풍파크빌,서울특별시 강남구 선릉로108길 33,113-17번지,9580000,20210531,11550000,20220429,10930000,20230428,1월1일,하락세,0.946320346
1168010500,네오블로썸,서울특별시 강남구 선릉로112길 47,42-4번지,11380000,20210531,13030000,20220429,12430000,20230428,1월1일,하락세,0.953952417
1168010500,삼성동 롯데캐슬 킹덤,서울특별시 강남구 선릉로112길 53,43번지,15400000,20210531,17800000,20220429,17440000,20230428,1월1일,하락세,0.979775281
1168010500,그라나다,서울특별시 강남구 선릉로112길 74,45-5번지,12480000,20210531,14590000,20220429,13890000,20230428,1월1일,하락세,0.952021933
1168010500,롯데캐슬프레미어,서울특별시 강남구 선릉로126길 22,11번지,18960000,20210531,21920000,20220429,20880000,20230428,1월1일,하락세,0.952554745
1168010500,서광아파트,서울특별시 강남구 선릉로130길 19,2번지,19500000,20210531,22800000,20220429,21800000,20230428,1월1일,하락세,0.956140351
1168010500,래미안삼성2차,서울특별시 강남구 선릉로130길 20,7-3번지,18600000,20210531,20970000,20220429,20100000,20230428,1월1일,하락세,0.95851216
1168010500,우정에쉐르,서울특별시 강남구 선릉로130길 33,3-8번지,17800000,20210531,20600000,20220429,19500000,20230428,1월1일,하락세,0.946601942
1168010500,한양립스,서울특별시 강남구 선릉로92길 37-4,142-16번지,22500000,20210531,26200000,20220429,25000000,20230428,1월1일,하락세,0.954198473
1168011800,우성사원5,서울특별시 강남구 언주로29길 34,463-1번지,11170000,20210531,12810000,20220429,12020000,20230428,1월1일,하락세,0.93832943
1168011800,현대비젼21,서울특별시 강남구 언주로30길 10,467-19번지,35690000,20210531,38680000,20220429,36190000,20230428,1월1일,하락세,0.935625646
1168011800,대림아크로빌,서울특별시 강남구 언주로30길 13,467-6번지,40580000,20210531,43980000,20220429,41610000,20230428,1월1일,하락세,0.946111869
1168011800,아카데미스위트1,서울특별시 강남구 언주로30길 21,467-7번지,36640000,20210531,39710000,20220429,37570000,20230428,1월1일,하락세,0.946109292
1168011800,타워팰리스3,서울특별시 강남구 언주로30길 26,467-29번지,35690000,20210531,38680000,20220429,36190000,20230428,1월1일,하락세,0.935625646
1168011800,우성리빙텔,서울특별시 강남구 언주로30길 27,467-10번지,35690000,20210531,38680000,20220429,36190000,20230428,1월1일,하락세,0.935625646
1168011800,타워팰리스1,서울특별시 강남구 언주로30길 56,467번지,35690000,20210531,38680000,20220429,36190000,20230428,1월1일,하락세,0.935625646
1168011800,타워팰리스2,서울특별시 강남구 언주로30길 57,467-17번지,40580000,20210531,43980000,20220429,41610000,20230428,1월1일,하락세,0.946111869
1168010500,풍림(1차),서울특별시 강남구 영동대로112길 15,106번지,16100000,20210531,18700000,20220429,17410000,20230428,1월1일,하락세,0.931016043
1168010500,아셈,서울특별시 강남구 영동대로112길 22,108-1번지,14750000,20210531,17580000,20220429,16930000,20230428,1월1일,하락세,0.963026166
1168010500,동구싼타빌,서울특별시 강남구 영동대로112길 24,108-2번지,14750000,20210531,17580000,20220429,16930000,20230428,1월1일,하락세,0.963026166
1168010500,삼성아트빌,서울특별시 강남구 영동대로112길 26,108-3번지,14750000,20210531,17580000,20220429,16930000,20230428,1월1일,하락세,0.963026166
1168010500,엘에이치삼성도시형생활주택,서울특별시 강남구 영동대로112길 46,109-21번지,16200000,20210531,19500000,20220429,18950000,20230428,1월1일,하락세,0.971794872
1168010500,동일파크스위트,서울특별시 강남구 영동대로112길 67,100-14번지,11580000,20210531,13910000,20220429,13440000,20230428,1월1일,하락세,0.966211359
1168010500,월성빌라트,서울특별시 강남구 영동대로114길 23,91-16번지,10540000,20210531,12880000,20220429,11960000,20230428,1월1일,하락세,0.928571429
1168010500,래미안(201동),서울특별시 강남구 영동대로114길 56,103-22번지,12700000,20210531,14800000,20220429,14900000,20230428,1월1일,상승세,1.006756757
1168010500,래미안삼성1차,서울특별시 강남구 영동대로114길 56,103-22번지,12700000,20210531,14800000,20220429,14900000,20230428,1월1일,상승세,1.006756757
1168010500,래미안삼성1차(105),서울특별시 강남구 영동대로114길 56,103-22번지,12700000,20210531,14800000,20220429,14900000,20230428,1월1일,상승세,1.006756757
1168010500,레미안삼성1차(104),서울특별시 강남구 영동대로114길 56,103-22번지,12700000,20210531,14800000,20220429,14900000,20230428,1월1일,상승세,1.006756757
1168010500,삼부아그레빌,서울특별시 강남구 영동대로114길 63,98-11번지,10650000,20210531,13010000,20220429,11720000,20230428,1월1일,하락세,0.900845503
1168010500,대우멤버스카운티(101동),서울특별시 강남구 영동대로114길 71-3,98-18번지,10330000,20210531,12610000,20220429,11370000,20230428,1월1일,하락세,0.901665345
1168010500,아펠바움,서울특별시 강남구 영동대로114길 72,99-3번지,14400000,20210531,17320000,20220429,16690000,20230428,1월1일,하락세,0.963625866
1168010500,대우멤버스카운티(102동),서울특별시 강남구 영동대로118길 76,98-9번지,10330000,20210531,12610000,20220429,11370000,20230428,1월1일,하락세,0.901665345
1168010500,LG선릉에클라트(B),서울특별시 강남구 테헤란로63길 12,142-3번지,25200000,20210531,28890000,20220429,27560000,20230428,1월1일,하락세,0.953963309
1168010500,우정에쉐르2,서울특별시 강남구 테헤란로77길 8,144-10번지,28980000,20210531,33150000,20220429,31390000,20230428,1월1일,하락세,0.946907994
1168010500,풍림,서울특별시 강남구 테헤란로77길 22,129-20번지,20220000,20210531,23250000,20220429,22210000,20230428,1월1일,하락세,0.955268817
1168010500,삼성동대성유니드,서울특별시 강남구 테헤란로77길 26,129번지,13840000,20210531,16000000,20220429,15070000,20230428,1월1일,하락세,0.941875
1168010500,이안애2차,서울특별시 강남구 테헤란로77길 27,130-6번지,8593000,20210531,9982000,20220429,9579000,20230428,1월1일,하락세,0.959627329
1168010500,삼성웰피아,서울특별시 강남구 테헤란로77길 31,130-2번지,8417000,20210531,9786000,20220429,9383000,20230428,1월1일,하락세,0.958818721
1168010500,삼성펠리스,서울특별시 강남구 테헤란로79길 31,129-5번지,9110000,20210531,10570000,20220429,10150000,20230428,1월1일,하락세,0.960264901
1168010500,삼성오네뜨,서울특별시 강남구 테헤란로79길 42,127-5번지,13700000,20210531,15800000,20220429,16680000,20230428,1월1일,상승세,1.055696203
1168010500,삼성동한솔아파트,서울특별시 강남구 학동로64길 7,4-6번지,20400000,20210531,23600000,20220429,22420000,20230428,1월1일,하락세,0.95
1168010500,현대아파트 101동,서울특별시 강남구 학동로64길 14,6번지,18600000,20210531,20740000,20220429,19760000,20230428,1월1일,하락세,0.952748312
1168010500,골든카운티,서울특별시 강남구 학동로68길 16,5-3번지,19300000,20210531,22300000,20220429,21530000,20230428,1월1일,하락세,0.965470852
1168010500,삼성동힐스테이트 1단지,서울특별시 강남구 학동로68길 29,16-2번지,19550000,20210531,22600000,20220429,21530000,20230428,1월1일,하락세,0.952654867
1168010500,삼성동중앙하이츠빌리지,서울특별시 강남구 학동로68길 30,14-1번지,19550000,20210531,22600000,20220429,21530000,20230428,1월1일,하락세,0.952654867
1168010500,삼성리치빌1,서울특별시 강남구 학동로82길 6,52-9번지,13460000,20210531,15750000,20220429,14990000,20230428,1월1일,하락세,0.951746032
1168010500,블루밍하우스,서울특별시 강남구 학동로82길 25,64-4번지,9507000,20210531,10870000,20220429,10310000,20230428,1월1일,하락세,0.948482061
1168010500,블루밍하우스,서울특별시 강남구 학동로82길 27,64-10번지,9507000,20210531,10870000,20220429,10310000,20230428,1월1일,하락세,0.948482061
1168010500,아델하우스,서울특별시 강남구 학동로82길 29,64-5번지,9895000,20210531,11450000,20220429,10740000,20230428,1월1일,하락세,0.937991266
1168010500,진흥아파트,서울특별시 강남구 학동로88길 5,55번지,20850000,20210531,24110000,20220429,22970000,20230428,1월1일,하락세,0.952716715
1168010500,청구아파트,서울특별시 강남구 영동대로128길 5,78-4번지,18900000,20210531,21800000,20220429,20820000,20230428,1월1일,하락세,0.955045872
1168010500,홍실아파트,서울특별시 강남구 영동대로128길 15,79번지,17500000,20210531,20000000,20220429,19550000,20230428,1월1일,하락세,0.9775
1168010500,삼성동헤렌하우스2(82-1),서울특별시 강남구 영동대로128길 45,82-1번지,11150000,20210531,13440000,20220429,12380000,20230428,1월1일,하락세,0.921130952
1168010500,삼성동헤렌하우스2(82-4),서울특별시 강남구 영동대로128길 51,82-4번지,11150000,20210531,13440000,20220429,12380000,20230428,1월1일,하락세,0.921130952
1168010500,다우림하우스,서울특별시 강남구 영동대로128길 55,82-6번지,10740000,20210531,12700000,20220429,11680000,20230428,1월1일,하락세,0.919685039
1168011800,대림,서울특별시 강남구 논현로41길 10,960번지,13350000,20210531,15500000,20220429,14540000,20230428,1월1일,하락세,0.938064516
1168011800,도곡1차아이파크,서울특별시 강남구 도곡로28길 8,543-7번지,12710000,20210531,14460000,20220429,13620000,20230428,1월1일,하락세,0.941908714
1168010500,현대2차,서울특별시 강남구 삼성로122길 45,57-3번지,11390000,20210531,13050000,20220429,12390000,20230428,1월1일,하락세,0.949425287
1168011100,신동아파밀리에,서울특별시 강남구 헌릉로590길 10,511번지,6410000,20210531,7430000,20220429,7054000,20230428,1월1일,하락세,0.949394347
1168011100,세곡리엔파크(3단지),서울특별시 강남구 헌릉로590길 11,516번지,6345000,20210531,7355000,20220429,6983000,20230428,1월1일,하락세,0.949422162
1168011100,강남데시앙파크,서울특별시 강남구 헌릉로590길 63,525번지,5735000,20210531,6600000,20220429,6281000,20230428,1월1일,하락세,0.951666667
1168011100,세곡리엔파크(4단지),서울특별시 강남구 헌릉로590길 88,522번지,5792000,20210531,6666000,20220429,6343000,20230428,1월1일,하락세,0.951545155
1168011100,세곡리엔파크(1단지),서울특별시 강남구 헌릉로590길 100,508번지,6410000,20210531,7430000,20220429,7054000,20230428,1월1일,하락세,0.949394347
1168011100,강남엘에이치1단지,서울특별시 강남구 헌릉로571길 20,579번지,6947000,20210531,8042000,20220429,7670000,20230428,1월1일,하락세,0.95374285
1168010600,"쌍용대치아파트1동, 2동, 3동, 5동, 6동",서울특별시 강남구 영동대로 210,66 번지,19200000,20210531,22190000,20220419,21290000,20230428,1월1일,하락세,0.95944119
1168010600,쌍용대치2,서울특별시 강남구 영동대로 220,65 번지,19010000,20210531,21960000,20220419,21070000,20230428,1월1일,하락세,0.959471767
1168010600,"대치우성아파트1동, 2동, 3동, 5동, 6동, 7동",서울특별시 강남구 영동대로 230,63 번지,19010000,20210531,21960000,20220419,21070000,20230428,1월1일,하락세,0.959471767
1168010600,S-TOWER,서울특별시 강남구 영동대로 325,983-1번지,20950000,20210531,24100000,20220419,22880000,20230428,1월1일,하락세,0.949377593
1168010600,풍림아이원4차(1007-2),서울특별시 강남구 영동대로 330-7,1007-2번지,13280000,20210531,15230000,20220419,14750000,20230428,1월1일,하락세,0.968483257
1168010600,한보미도맨션,서울특별시 강남구 삼성로 150,511 번지,21700000,20210531,23350000,20220419,21940000,20230428,1월1일,하락세,0.939614561
1168010600,"선경1,2차",서울특별시 강남구 삼성로 151,506 번지,23370000,20210531,26010000,20220419,24720000,20230428,1월1일,하락세,0.950403691
1168010600,은마,서울특별시 강남구 삼성로 212,316 번지,19400000,20210531,22420000,20220419,21510000,20230428,1월1일,하락세,0.95941124
1168010600,포스코더샵,서울특별시 강남구 삼성로 417,902 번지,20080000,20210531,21640000,20220419,20991000,20230428,1월1일,하락세,0.970009242
1168010600,개포우성1,서울특별시 강남구 선릉로 120,503 번지,22800000,20210531,26550000,20220419,25230000,20230428,1월1일,하락세,0.950282486
1168010600,개포우성2,서울특별시 강남구 선릉로 120,504 번지,22800000,20210531,26550000,20220419,25230000,20230428,1월1일,하락세,0.950282486
1168010600,동부센트레빌,서울특별시 강남구 선릉로 206,670 번지,24100000,20210531,28100000,20220419,26700000,20230428,1월1일,하락세,0.950177936
1168010600,대치아이파크,서울특별시 강남구 선릉로 222,888 번지,23850000,20210531,27530000,20220419,26430000,20230428,1월1일,하락세,0.960043589
1168010600,아티스톤대치,서울특별시 강남구 역삼로 409,907-12번지,13760000,20210531,15870000,20220419,17560000,20230428,1월1일,상승세,1.106490233
1168010600,풍림아이원1차,서울특별시 강남구 역삼로 436,910-4번지,13770000,20210531,15610000,20220419,14850000,20230428,1월1일,하락세,0.951313261
1168010600,신성미소시티,서울특별시 강남구 역삼로 451,904-10번지,14570000,20210531,16910000,20220419,16060000,20230428,1월1일,하락세,0.949733885
1168010600,대치동더블유타워,서울특별시 강남구 역삼로 555,952-2번지,14070000,20210531,15960000,20220419,15170000,20230428,1월1일,하락세,0.950501253
1168010600,테헤란로대우아이빌(891-6),서울특별시 강남구 테헤란로 428,891-6번지,57440000,20210531,66880000,20220419,63590000,20230428,1월1일,하락세,0.950807416
1168010600,롯데캐슬리베,서울특별시 강남구 도곡로 404,1025 번지,23510000,20210531,27400000,20220419,26000000,20230428,1월1일,하락세,0.948905109
1168010600,삼환SOGOOD,서울특별시 강남구 도곡로 413,938-16번지,26660000,20210531,30340000,20220419,28820000,20230428,1월1일,하락세,0.949901121
1168010600,상지리츠빌카일룸(1009-4),서울특별시 강남구 도곡로 603,1009-4번지,17500000,20210531,20200000,20220419,19200000,20230428,1월1일,하락세,0.95049505
1168010600,청암빌라트,서울특별시 강남구 남부순환로391길 7,650 번지,18910000,20210531,22050000,20220419,20950000,20230428,1월1일,하락세,0.950113379
1168010600,선경3차,서울특별시 강남구 남부순환로395길 10,602 번지,22070000,20210531,25730000,20220419,24450000,20230428,1월1일,하락세,0.950252623
1168010600,미도맨션3차,서울특별시 강남구 남부순환로397길 5,601-1번지,19640000,20210531,22900000,20220419,21760000,20230428,1월1일,하락세,0.950218341
1168010600,동민맥스빌B동,서울특별시 강남구 도곡로69길 7,938-13번지,10240000,20210531,12595000,20220419,11870000,20230428,1월1일,하락세,0.942437475
1168010600,청원,서울특별시 강남구 도곡로69길 16,934-1번지,7721000,20210531,8866000,20220419,8430000,20230428,1월1일,하락세,0.95082337
1168010600,한티(933-0),서울특별시 강남구 도곡로73길 18,933 번지,8560000,20210531,8914000,20220419,8429000,20230428,1월1일,하락세,0.945591205
1168010600,삼성3차,서울특별시 강남구 도곡로78길 13,1016-2번지,17500000,20210531,20550000,20220419,19510000,20230428,1월1일,하락세,0.949391727
1168010600,대치삼성,서울특별시 강남구 도곡로78길 22,1014-3번지,18890000,20210531,21610000,20220419,20570000,20230428,1월1일,하락세,0.951874132
1168010600,래미안 대치 하이스턴,서울특별시 강남구 도곡로93길 12,985 번지,19400000,20210531,22650000,20220419,21510000,20230428,1월1일,하락세,0.949668874
1168010600,노빌리티빌리지,서울특별시 강남구 삼성로51길 10-13,1017-1번지,17320000,20210531,20340000,20220419,19310000,20230428,1월1일,하락세,0.949360865
1168010600,대치 SK VIEW,서울특별시 강남구 삼성로51길 25,1029 번지,21440000,20210531,25000000,20220419,23760000,20230428,1월1일,하락세,0.9504
1168010600,래미안대치팰리스,서울특별시 강남구 삼성로51길 35,1027 번지,21440000,20210531,25000000,20220419,23760000,20230428,1월1일,하락세,0.9504
1168010600,래미안대치팰리스,서울특별시 강남구 삼성로51길 37,1027 번지,21440000,20210531,25000000,20220419,23760000,20230428,1월1일,하락세,0.9504
1168010600,대치하나빌,서울특별시 강남구 삼성로57길 37-5,1015-6번지,8645000,20210531,10030000,20220419,9440000,20230428,1월1일,하락세,0.941176471
1168010600,삼성2차,서울특별시 강남구 삼성로57길 45,1014-1번지,18890000,20210531,22030000,20220419,20930000,20230428,1월1일,하락세,0.950068089
1168010600,한양팰리스,서울특별시 강남구 삼성로61길 9,941-13번지,8345000,20210531,9625000,20220419,9142000,20230428,1월1일,하락세,0.949818182
1168010600,세연파크뷰,서울특별시 강남구 삼성로63길 16-5,929-8번지,7997000,20210531,9248000,20220419,8601000,20230428,1월1일,하락세,0.930038927
1168010600,한티(933-35),서울특별시 강남구 삼성로63길 37,933-35번지,7960000,20210531,8194000,20220419,7833000,20230428,1월1일,하락세,0.955943373
1168010600,대치현대,서울특별시 강남구 삼성로64길 5,974 번지,19010000,20210531,22190000,20220419,21070000,20230428,1월1일,하락세,0.949526814
1168010600,대치효성,서울특별시 강남구 삼성로64길 12,988-4번지,9630000,20210531,11290000,20220419,10720000,20230428,1월1일,하락세,0.949512843
1168010600,하이캐슬102동,서울특별시 강남구 삼성로64길 36,986 번지,8917000,20210531,10480000,20220419,9894000,20230428,1월1일,하락세,0.944083969
1168010600,하이캐슬,서울특별시 강남구 삼성로64길 40,986-14번지,8681000,20210531,10110000,20220419,9542000,20230428,1월1일,하락세,0.943818002
1168010600,도성,서울특별시 강남구 삼성로67길 14,915-13번지,7671000,20210531,8792000,20220419,8290000,20230428,1월1일,하락세,0.942902639
1168010600,대치주성,서울특별시 강남구 삼성로68길 5,962-20번지,15640000,20210531,18000000,20220419,17120000,20230428,1월1일,하락세,0.951111111
1168010600,대치타워,서울특별시 강남구 삼성로71길 11-8,914-8번지,7671000,20210531,8792000,20220419,8290000,20230428,1월1일,하락세,0.942902639
1168010600,메트로,서울특별시 강남구 삼성로75길 34,901-51번지,8312000,20210531,9579000,20220419,8988000,20230428,1월1일,하락세,0.938302537
1168010600,롯데캐슬,서울특별시 강남구 삼성로85길 11,893 번지,18950000,20210531,20840000,20220419,20215000,20230428,1월1일,하락세,0.970009597
1168010600,현대썬앤빌 테헤란,서울특별시 강남구 삼성로85길 33,894 번지,18520000,20210531,21690000,20220419,20590000,20230428,1월1일,하락세,0.949285385
1168010600,대치동우정에쉐르1,서울특별시 강남구 삼성로85길 38,891-28번지,23050000,20210531,26670000,20220419,25400000,20230428,1월1일,하락세,0.952380952
1168010600,대우아이빌멤버스(891-26),서울특별시 강남구 삼성로85길 42,891-26번지,23500000,20210531,27190000,20220419,25890000,20230428,1월1일,하락세,0.952188305
1168010600,동민맥스빌A동,서울특별시 강남구 선릉로62길 38,938-11번지,9724000,20210531,11960000,20220419,11200000,20230428,1월1일,하락세,0.936454849
1168010600,동양,서울특별시 강남구 선릉로72길 10-7,920-32번지,7570000,20210531,8641000,20220419,8178000,20230428,1월1일,하락세,0.946418239
1168010600,풍림아이원2차,서울특별시 강남구 선릉로72길 45,910-7번지,9118000,20210531,10190000,20220419,9898000,20230428,1월1일,하락세,0.971344455
1168010600,대치한신휴플러스,서울특별시 강남구 선릉로76길 12,907-2번지,9999000,20210531,11530000,20220419,11020000,20230428,1월1일,하락세,0.955767563
1168010600,대치,서울특별시 강남구 선릉로82길 40-3,900-58번지,7494000,20210531,8608000,20220419,8199000,20230428,1월1일,하락세,0.952486059
1168010600,아름빌(889-74),서울특별시 강남구 선릉로86길 11,899-74번지,22710000,20210531,26380000,20220419,25070000,20230428,1월1일,하락세,0.950341168
1168010600,대우아이빌명문가(891-23),서울특별시 강남구 선릉로90길 56,891-23번지,20660000,20210531,24150000,20220419,22980000,20230428,1월1일,하락세,0.951552795
1168010600,풍림아이원2차202동,서울특별시 강남구 역삼로74길 8,910-6번지,9118000,20210531,10190000,20220419,9710000,20230428,1월1일,하락세,0.952894995
1168010600,대치동 959-33 도시형생활주택,서울특별시 강남구 역삼로81길 15,959-33번지,9188000,20210531,10500000,20220419,9876000,20230428,1월1일,하락세,0.940571429
1168010600,현대1,서울특별시 강남구 영동대로57길 28,992 번지,19200000,20210531,22420000,20220419,21290000,20230428,1월1일,하락세,0.949598573
1168010600,세영팔레스타운,서울특별시 강남구 영동대로65길 57,975-20번지,8737000,20210531,10170000,20220419,9571000,20230428,1월1일,하락세,0.941101278
1168010600,풍림아이원3차(1007-1),서울특별시 강남구 영동대로72길 10,1007-10번지,12530000,20210531,14370000,20220419,13920000,20230428,1월1일,하락세,0.96868476
1168010600,우정에쉐르,서울특별시 강남구 영동대로85길 17,950 번지,14950000,20210531,17360000,20220419,16500000,20230428,1월1일,하락세,0.950460829
1168010600,월드빌,서울특별시 강남구 영동대로85길 17-7,950-3번지,12740000,20210531,14720000,20220419,13990000,20230428,1월1일,하락세,0.950407609
1168010600,화인하이빌,서울특별시 강남구 영동대로85길 17-9,950-5번지,12980000,20210531,15000000,20220419,14260000,20230428,1월1일,하락세,0.950666667
1168010600,선릉역대우아이빌(890-49),서울특별시 강남구 테헤란로64길 9,890-49번지,24200000,20210531,27810000,20220419,26430000,20230428,1월1일,하락세,0.950377562
1168010600,선릉역 풍림아이원레몬,서울특별시 강남구 테헤란로64길 13,890-54번지,22490000,20210531,26130000,20220419,24830000,20230428,1월1일,하락세,0.950248756
1168010600,대치동우정에쉐르2(890-42),서울특별시 강남구 테헤란로68길 15,890-42번지,18000000,20210531,21000000,20220419,19980000,20230428,1월1일,하락세,0.951428571
1168010700,현대썬앤빌,서울특별시 강남구 도산대로 225,588-16번지,37580000,20210531,42900000,20220419,40800000,20230428,1월1일,하락세,0.951048951
1168010700,천지인수지빌,서울특별시 강남구 강남대로160길 33,521-18번지,11810000,20210531,14090000,20220419,13450000,20230428,1월1일,하락세,0.954577715
1168010700,신사동씨티빌,서울특별시 강남구 강남대로162길 27-26,523-4번지,10300000,20210531,12300000,20220419,11970000,20230428,1월1일,하락세,0.973170732
1168010700,Ruden House,서울특별시 강남구 강남대로162길 41-8,524-8번지,10300000,20210531,12300000,20220419,11970000,20230428,1월1일,하락세,0.973170732
1168010700,대성아파트,서울특별시 강남구 논현로151길 45,540-2번지,10140000,20210531,12000000,20220419,11430000,20230428,1월1일,하락세,0.9525
1168010700,청림빌,서울특별시 강남구 논현로153길 42,555-11번지,7561000,20210531,8829000,20220419,8415000,20230428,1월1일,하락세,0.953109072
1168010700,압구정화이트빌,서울특별시 강남구 논현로154길 11,591-11번지,9030000,20210531,10360000,20220419,9933000,20230428,1월1일,하락세,0.958783784
1168010700,압구정 Ainvill,서울특별시 강남구 논현로154길 12,590-7번지,9030000,20210531,10360000,20220419,9933000,20230428,1월1일,하락세,0.958783784
1168010700,한양아파트,서울특별시 강남구 논현로157길 29,556-29번지,9718000,20210531,11500000,20220419,10920000,20230428,1월1일,하락세,0.949565217
1168010700,토미,서울특별시 강남구 논현로158길 17,593-32번지,11710000,20210531,12590000,20220419,12130000,20230428,1월1일,하락세,0.963463066
1168010700,하야트빌,서울특별시 강남구 논현로159길 56,551-5번지,9655000,20210531,11610000,20220419,11020000,20230428,1월1일,하락세,0.94918174
1168010700,장자울아파트,서울특별시 강남구 논현로160길 20,593-21번지,9062000,20210531,10390000,20220419,9853000,20230428,1월1일,하락세,0.948315688
1168010700,신사파크빌A동,서울특별시 강남구 도산대로23길 18,562 번지,9776000,20210531,11180000,20220419,10650000,20230428,1월1일,하락세,0.952593918
1168010700,신사파크빌B동,서울특별시 강남구 도산대로25길 15-17,562-24번지,9776000,20210531,11180000,20220419,10650000,20230428,1월1일,하락세,0.952593918
1168010700,리갈팰리스,서울특별시 강남구 도산대로35길 46,626 번지,9899000,20210531,11720000,20220419,11280000,20230428,1월1일,하락세,0.962457338
1168010700,유로미아파트A동,서울특별시 강남구 압구정로14길 16,547-7번지,13960000,20210531,15100000,20220419,14460000,20230428,1월1일,하락세,0.957615894
1168010700,유로미아파트B동,서울특별시 강남구 압구정로14길 20,547-8번지,13960000,20210531,15100000,20220419,14460000,20230428,1월1일,하락세,0.957615894
1168010700,체리빌,서울특별시 강남구 압구정로18길 14-8,550-7번지,12760000,20210531,13900000,20220419,13170000,20230428,1월1일,하락세,0.947482014
1168010700,우찬,서울특별시 강남구 압구정로18길 14-12,550-20번지,12760000,20210531,13900000,20220419,13170000,20230428,1월1일,하락세,0.947482014
1168010700,뉴현대,서울특별시 강남구 압구정로18길 14-14,550-5번지,12760000,20210531,13900000,20220419,13170000,20230428,1월1일,하락세,0.947482014
1168010700,현대아인빌,서울특별시 강남구 압구정로22길 29,569-1번지,11450000,20210531,12730000,20220419,12200000,20230428,1월1일,하락세,0.958366064
1168010700,광림교회,서울특별시 강남구 압구정로22길 32,568-21번지,10780000,20210531,11990000,20220419,11490000,20230428,1월1일,하락세,0.958298582
1168010700,신사아이빌(522),서울특별시 강남구 압구정로2길 15,522번지,14190000,20210531,15740000,20220419,14970000,20230428,1월1일,하락세,0.951080051
1168010700,래미안신사,서울특별시 강남구 압구정로2길 20,506-9번지,11500000,20210531,13710000,20220419,13200000,20230428,1월1일,하락세,0.962800875
1168010700,강남상가,서울특별시 강남구 압구정로2길 46,510-11번지,21400000,20210531,22950000,20220419,21860000,20230428,1월1일,하락세,0.952505447
1168010700,신사 아크존2,서울특별시 강남구 압구정로34길 49,606-2번지,8994000,20210531,10340000,20220419,9900000,20230428,1월1일,하락세,0.957446809
1168010700,금광아크존(635-14),서울특별시 강남구 압구정로42길 36,635-14번지,17520000,20210531,18610000,20220419,17690000,20230428,1월1일,하락세,0.950564213
1168010700,신사동닛시빌라트,서울특별시 강남구 압구정로42길 46,634-14번지,12630000,20210531,13270000,20220419,12610000,20230428,1월1일,하락세,0.950263753
1168010700,압구정하이츠파크,서울특별시 강남구 압구정로42길 78,632 번지,27060000,20210531,30040000,20220419,28590000,20230428,1월1일,하락세,0.951731025
1168010700,압구정대원칸타빌아파트,서울특별시 강남구 압구정로48길 15,659 번지,12950000,20210531,13940000,20220419,13230000,20230428,1월1일,하락세,0.949067432
1168010700,로데오현대,서울특별시 강남구 압구정로50길 28,658 번지,15020000,20210531,16030000,20220419,15340000,20230428,1월1일,하락세,0.956955708
1168010700,진흥아마란스,서울특별시 강남구 언주로157길 23,626-1번지,10100000,20210531,11960000,20220419,11510000,20230428,1월1일,하락세,0.962374582
1168010700,알파임하우스1,서울특별시 강남구 언주로164길 20,649-5번지,12630000,20210531,13270000,20220419,12610000,20230428,1월1일,하락세,0.950263753
1168010700,압구정케이씨씨(622-1),서울특별시 강남구 언주로167길 9,622-1번지,10090000,20210531,11010000,20220419,10570000,20230428,1월1일,하락세,0.960036331
1168010700,신성아파트 101동,서울특별시 강남구 언주로167길 15,622 번지,10090000,20210531,11010000,20220419,10570000,20230428,1월1일,하락세,0.960036331
1168010800,N168,서울특별시 강남구 학동로 168,128-6번지,25820000,20210531,30180000,20220419,28530000,20230428,1월1일,하락세,0.945328032
1168010800,"청학아파트 에이동,비동,씨동",서울특별시 강남구 도산대로 232,062-3번지,28131000,20210531,30747000,20220419,30720000,20230428,1월1일,하락세,0.999121866
1168010800,아크로힐스논현,서울특별시 강남구 언주로 604,276-1번지,18460000,20210531,20950000,20220419,20080000,20230428,1월1일,하락세,0.958472554
1168010800,논현 아이파크,서울특별시 강남구 언주로 615,225-6번지,20610000,20210531,25240000,20220419,23870000,20230428,1월1일,하락세,0.945721078
1168010800,현대인텔렉스,서울특별시 강남구 언주로 620,261 번지,25130000,20210531,29650000,20220419,28110000,20230428,1월1일,하락세,0.948060708
1168010800,펜트힐루논현,서울특별시 강남구 언주로 641,211-21번지,21090000,20210531,24870000,20220419,23580000,20230428,1월1일,하락세,0.948130277
1168010800,KIRIN HILLS,서울특별시 강남구 논현로 661,130-9번지,18820000,20210531,22460000,20220419,21240000,20230428,1월1일,하락세,0.945681211
1168010800,논현동역세권청년임대주택,서울특별시 강남구 봉은사로 125,202-7번지,45078000,20210531,48174000,20220419,47200000,20230428,1월1일,하락세,0.979781625
1168010800,마일스디오빌,서울특별시 강남구 학동로 165,058-2번지,25820000,20210531,30180000,20220419,28530000,20230428,1월1일,하락세,0.945328032
1168010800,논현파라곤,서울특별시 강남구 학동로 338,241-1번지,32660000,20210531,36380000,20220419,34410000,20230428,1월1일,하락세,0.945849368
1168010800,거평프리젠,서울특별시 강남구 강남대로112길 41,196 번지,14650000,20210531,16640000,20220419,16140000,20230428,1월1일,하락세,0.969951923
1168010800,우성,서울특별시 강남구 강남대로120길 58,180-6번지,7260000,20210531,8479000,20220419,8137000,20230428,1월1일,하락세,0.959665055
1168010800,월드쉐르빌,서울특별시 강남구 강남대로124길 51,138-9번지,7340000,20210531,8545000,20220419,8108000,20230428,1월1일,하락세,0.948858982
1168010800,세호시티라이프,서울특별시 강남구 강남대로128길 27,122-25번지,13920000,20210531,15300000,20220419,14470000,20230428,1월1일,하락세,0.945751634
1168010800,힐타워,서울특별시 강남구 강남대로132길 26,053-1번지,10970000,20210531,13500000,20220419,14200000,20230428,1월1일,상승세,1.051851852
1168010800,네오빌,서울특별시 강남구 강남대로132길 42,055-12번지,11100000,20210531,14500000,20220419,14650000,20230428,1월1일,상승세,1.010344828
1168010800,지고하임(102동),서울특별시 강남구 강남대로136길 40,044-9번지,9704000,20210531,11270000,20220419,10580000,20230428,1월1일,하락세,0.93877551
1168010800,애플타운,서울특별시 강남구 강남대로146길 13,016-42번지,10710000,20210531,12990000,20220419,12280000,20230428,1월1일,하락세,0.945342571
1168010800,신동아(22),서울특별시 강남구 강남대로146길 28,22 번지,14510000,20210531,16140000,20220419,15980000,20230428,1월1일,하락세,0.990086741
1168010800,이산,서울특별시 강남구 논현로111길 34,194-22번지,7446000,20210531,8557000,20220419,8214000,20230428,1월1일,하락세,0.959915858
1168010800,논현동한화꿈에그린,서울특별시 강남구 논현로111길 39,205-2번지,14510000,20210531,16470000,20220419,15980000,20230428,1월1일,하락세,0.970248937
1168010800,논현동프라임,서울특별시 강남구 논현로113길 5,192-3번지,9460000,20210531,10370000,20220419,9827000,20230428,1월1일,하락세,0.947637416
1168010800,리더스빌,서울특별시 강남구 논현로113길 7,192-1번지,9719000,20210531,10660000,20220419,10090000,20230428,1월1일,하락세,0.946529081
1168010800,신동아,서울특별시 강남구 논현로118길 17,222-18번지,8570000,20210531,9423000,20220419,8814000,20230428,1월1일,하락세,0.935370901
1168010800,논현아트빌,서울특별시 강남구 논현로124길 7,215-14번지,11220000,20210531,12690000,20220419,11900000,20230428,1월1일,하락세,0.937746257
1168010800,두영,서울특별시 강남구 논현로124길 8,216-1번지,11220000,20210531,12690000,20220419,11900000,20230428,1월1일,하락세,0.937746257
1168010800,학동,서울특별시 강남구 논현로124길 28,217-34번지,7990000,20210531,9305000,20220419,8828000,20230428,1월1일,하락세,0.948737238
1168010800,브라이튼N40,서울특별시 강남구 논현로131길 44,40 번지,13300000,20210531,15100000,20220419,14360000,20230428,1월1일,하락세,0.950993377
1168010800,하우트리스,서울특별시 강남구 논현로131길 45,057-1번지,10960000,20210531,11860000,20220419,11390000,20230428,1월1일,하락세,0.960370995
1168010800,한양빌라트,서울특별시 강남구 논현로140길 22,079-7번지,9483000,20210531,11050000,20220419,10410000,20230428,1월1일,하락세,0.942081448
1168010800,논현인텔(9-2),서울특별시 강남구 도산대로24길 19,009-2번지,9565000,20210531,10900000,20220419,10330000,20230428,1월1일,하락세,0.947706422
1168010800,프라임,서울특별시 강남구 도산대로30길 56,080-13번지,9326000,20210531,11050000,20220419,10410000,20230428,1월1일,하락세,0.942081448
1168010800,한진로즈힐,서울특별시 강남구 도산대로46길 21,105-4번지,15160000,20210531,17210000,20220419,16510000,20230428,1월1일,하락세,0.959325973
1168010800,쌍용,서울특별시 강남구 도산대로50길 43,103 번지,13560000,20210531,15400000,20220419,14930000,20230428,1월1일,하락세,0.969480519
1168010800,논현한가람빌라트,서울특별시 강남구 도산대로50길 54,105-3번지,14370000,20210531,16320000,20220419,15520000,20230428,1월1일,하락세,0.950980392
1168010800,골든캐슬,서울특별시 강남구 도산대로54길 48-8,103-11번지,8920000,20210531,10200000,20220419,9682000,20230428,1월1일,하락세,0.949215686
1168010800,논현프라임아파트,서울특별시 강남구 봉은사로11길 11,196-4번지,14650000,20210531,16640000,20220419,16140000,20230428,1월1일,하락세,0.969951923
1168010800,e-편한세상,서울특별시 강남구 봉은사로11길 12,195-1번지,14230000,20210531,16150000,20220419,15660000,20230428,1월1일,하락세,0.969659443
1168010800,한화꿈에그린2차,서울특별시 강남구 봉은사로21길 19,194-23번지,8932000,20210531,11500000,20220419,11000000,20230428,1월1일,하락세,0.956521739
1168010800,토미빌(228-9),서울특별시 강남구 봉은사로29길 25,228-9번지,10300000,20210531,11650000,20220419,11020000,20230428,1월1일,하락세,0.945922747
1168010800,이움빌라,서울특별시 강남구 봉은사로29길 26,229-13번지,8452000,20210531,9595000,20220419,9456000,20230428,1월1일,하락세,0.985513288
1168010800,한양수자인어반게이트,서울특별시 강남구 봉은사로29길 35,221-7번지,11110000,20210531,12570000,20220419,11780000,20230428,1월1일,하락세,0.937151949
1168010800,경간재,서울특별시 강남구 봉은사로49길 13,270-44번지,8836000,20210531,9935000,20220419,9439000,20230428,1월1일,하락세,0.950075491
1168010800,그랑디오스,서울특별시 강남구 봉은사로51길 18,268-12번지,8625000,20210531,9935000,20220419,9439000,20230428,1월1일,하락세,0.950075491
1168010800,마블하우스,서울특별시 강남구 봉은사로51길 36,267-23번지,9401000,20210531,10820000,20220419,10190000,20230428,1월1일,하락세,0.941774492
1168010800,케럿스테이트,서울특별시 강남구 봉은사로51길 40,267-18번지,7950000,20210531,9165000,20220419,8723000,20230428,1월1일,하락세,0.95177305
1168010800,테크노빌라트,서울특별시 강남구 선릉로111길 38-16,271-6번지,7985000,20210531,9175000,20220419,8697000,20230428,1월1일,하락세,0.947901907
1168010800,논현빌라트,서울특별시 강남구 선릉로137길 6,102-9번지,8920000,20210531,10200000,20220419,9682000,20230428,1월1일,하락세,0.949215686
1168010800,케이씨빌,서울특별시 강남구 선릉로137길 20,104-23번지,9493000,20210531,11110000,20220419,10470000,20230428,1월1일,하락세,0.942394239
1168010800,라이헤스빌,서울특별시 강남구 선릉로137길 21,109-9번지,8251000,20210531,9830000,20220419,9337000,20230428,1월1일,하락세,0.949847406
1168010800,동부센트레빌,서울특별시 강남구 언주로116길 6,275 번지,15760000,20210531,19020000,20220419,17990000,20230428,1월1일,하락세,0.945846477
1168010800,경남논현,서울특별시 강남구 언주로116길 12,274 번지,13300000,20210531,15100000,20220419,14360000,20230428,1월1일,하락세,0.950993377
1168010800,현대넥서스 B동,서울특별시 강남구 언주로122길 6,261-7번지,11110000,20210531,12570000,20220419,11780000,20230428,1월1일,하락세,0.937151949
1168010800,두산위브2단지,서울특별시 강남구 언주로122길 25,285 번지,13560000,20210531,15400000,20220419,14640000,20230428,1월1일,하락세,0.950649351
1168010800,더그레이스,서울특별시 강남구 언주로125길 12,212-20번지,10050000,20210531,11450000,20220419,10890000,20230428,1월1일,하락세,0.951091703
1168010800,동양파라곤,서울특별시 강남구 언주로130길 30,245 번지,15450000,20210531,17540000,20220419,16840000,20230428,1월1일,하락세,0.96009122
1168010800,로체샤르캐슬,서울특별시 강남구 언주로136길 16,114-23번지,9206000,20210531,10780000,20220419,10150000,20230428,1월1일,하락세,0.941558442
1168010800,우민,서울특별시 강남구 언주로136길 21,107-44번지,13300000,20210531,15100000,20220419,14360000,20230428,1월1일,하락세,0.950993377
1168010800,동현아파트 1~6,서울특별시 강남구 언주로146길 18,105 번지,15900000,20210531,18050000,20220419,17310000,20230428,1월1일,하락세,0.95900277
1168010800,브라운스톤,서울특별시 강남구 학동로11길 13,043-3번지,9975000,20210531,13000000,20220419,14200000,20230428,1월1일,상승세,1.092307692
1168010800,인본,서울특별시 강남구 학동로17길 13,042-6번지,10290000,20210531,11710000,20220419,11000000,20230428,1월1일,하락세,0.939368061
1168010800,비쥬힐,서울특별시 강남구 학동로21길 23,039-10번지,9813000,20210531,11380000,20220419,10720000,20230428,1월1일,하락세,0.942003515
1168010800,논현베르빌,서울특별시 강남구 학동로30길 21,214-2번지,14090000,20210531,16000000,20220419,15220000,20230428,1월1일,하락세,0.95125
1168010800,삼성빌라트,서울특별시 강남구 학동로31길 29,079-5번지,8880000,20210531,10350000,20220419,9845000,20230428,1월1일,하락세,0.951207729
1168010800,논현동월드메르디앙,서울특별시 강남구 학동로38길 22,212-13번지,12960000,20210531,14720000,20220419,14140000,20230428,1월1일,하락세,0.960597826
1168010800,현대넥서스 A동,서울특별시 강남구 학동로42길 60,261-8번지,10190000,20210531,11530000,20220419,10900000,20230428,1월1일,하락세,0.945359931
1168010800,제이빌,서울특별시 강남구 학동로43길 30,108-2번지,9302000,20210531,10890000,20220419,10260000,20230428,1월1일,하락세,0.94214876
1168010800,논현웰스톤,서울특별시 강남구 학동로43길 38,108 번지,9348000,20210531,10650000,20220419,10120000,20230428,1월1일,하락세,0.950234742
1168010800,논현라폴리움,서울특별시 강남구 학동로46길 32,252 번지,13160000,20210531,14940000,20220419,14210000,20230428,1월1일,하락세,0.951137885
1168010800,두산위브1단지,서울특별시 강남구 학동로46길 38,252-1번지,13300000,20210531,15100000,20220419,14360000,20230428,1월1일,하락세,0.950993377
1168010800,더원 센트럴,서울특별시 강남구 학동로53길 3-8,118-8번지,13010000,20210531,14860000,20220419,14210000,20230428,1월1일,하락세,0.956258412
1168010800,벨러스빌,서울특별시 강남구 학동로5길 17,047-11번지,8735000,20210531,10150000,20220419,9615000,20230428,1월1일,하락세,0.94729064
1168010800,요진보네르,서울특별시 강남구 학동로5길 20,046-3번지,8909000,20210531,10350000,20220419,9807000,20230428,1월1일,하락세,0.947536232
1168010800,힐스빌7,서울특별시 강남구 학동로5길 22,046-2번지,8909000,20210531,10350000,20220419,9807000,20230428,1월1일,하락세,0.947536232
1168010800,스위트캐슬레지던스,서울특별시 강남구 학동로7길 6,55 번지,11210000,20210531,14190000,20220419,14800000,20230428,1월1일,상승세,1.04298802
1168010800,은탑리더스카운티,서울특별시 강남구 학동로9길 15,044-6번지,8909000,20210531,10350000,20220419,9807000,20230428,1월1일,하락세,0.947536232
1168010800,지고하임(101동),서울특별시 강남구 학동로9길 21,044-8번지,9704000,20210531,11270000,20220419,10580000,20230428,1월1일,하락세,0.93877551
1168010800,휴먼스페이스,서울특별시 강남구 논현로111길 3,192-15번지,17930000,20210531,23060000,20220419,21850000,20230428,1월1일,하락세,0.947528187
1168011300,세곡2지구 도시형생활주택(유현리엔아파트),서울특별시 강남구 밤고개로21길 56,524 번지,7728000,20210531,8716000,20220419,8260000,20230428,1월1일,하락세,0.947682423
1168011300,강남한신휴플러스6단지,서울특별시 강남구 밤고개로26길 50,365 번지,6381000,20210531,7198000,20220419,6821000,20230428,1월1일,하락세,0.94762434
1168011300,강남한신휴플러스8단지,서울특별시 강남구 밤고개로27길 20,513 번지,6031000,20210531,6802000,20220419,6446000,20230428,1월1일,하락세,0.947662452
1168010100,역삼디오슈페리움,서울특별시 강남구 강남대로 324,832-5번지,47440000,20210531,54350000,20220429,51410000,20230428,1월1일,하락세,0.945906164
1168010100,대림역삼,서울특별시 강남구 언주로 316,761-10번지,18800000,20210531,21700000,20220429,20430000,20230428,1월1일,하락세,0.941474654
1168010100,상지리츠빌(1호라인),서울특별시 강남구 언주로 320,761-9번지,18230000,20210531,21040000,20220429,19810000,20230428,1월1일,하락세,0.941539924
1168010100,상지리츠빌(2호라인),서울특별시 강남구 언주로 322,761 번지,18800000,20210531,21700000,20220429,20430000,20230428,1월1일,하락세,0.941474654
1168010100,역삼푸르지오,서울특별시 강남구 언주로 332,754-1번지,18800000,20210531,21700000,20220429,20430000,20230428,1월1일,하락세,0.941474654
1168010100,역삼자이,서울특별시 강남구 언주로 420,711-3번지,19680000,20210531,22710000,20220429,21390000,20230428,1월1일,하락세,0.941875826
1168010100,대우디오빌,서울특별시 강남구 언주로 427,720-25번지,35110000,20210531,40880000,20220429,38690000,20230428,1월1일,하락세,0.946428571
1168010100,현대휴먼터치빌,서울특별시 강남구 논현로 565,606-18번지,18990000,20210531,21800000,20220429,20640000,20230428,1월1일,하락세,0.946788991
1168010100,역삼동하나빌,서울특별시 강남구 봉은사로 312,681-26번지,27410000,20210531,31980000,20220429,30670000,20230428,1월1일,하락세,0.959036898
1168010100,테라힐스,서울특별시 강남구 선릉로 307,765-10번지,18600000,20210531,20830000,20220429,19610000,20230428,1월1일,하락세,0.941430629
1168010100,동부센트레빌,서울특별시 강남구 선릉로 423,716 번지,20300000,20210531,23430000,20220429,22060000,20230428,1월1일,하락세,0.941527956
1168010100,에스케이허브젠,서울특별시 강남구 역삼로 109,831-45번지,27810000,20210531,30880000,20220429,29440000,20230428,1월1일,하락세,0.953367876
1168010100,브라운스톤역삼,서울특별시 강남구 역삼로 171,747-5번지,15700000,20210531,17470000,20220429,16640000,20230428,1월1일,하락세,0.952489983
1168010100,명인갤러리2차,서울특별시 강남구 역삼로 237,732-25번지,14190000,20210531,16220000,20220429,15430000,20230428,1월1일,하락세,0.951294698
1168010100,세방하이빌1,서울특별시 강남구 역삼로 240,771-4번지,13650000,20210531,15600000,20220429,14840000,20230428,1월1일,하락세,0.951282051
1168010100,세방하이빌2,서울특별시 강남구 역삼로 240-1,771-14번지,10550000,20210531,12080000,20220429,11520000,20230428,1월1일,하락세,0.953642384
1168010100,개나리래미안,서울특별시 강남구 역삼로 306,754 번지,20300000,20210531,23430000,20220429,22060000,20230428,1월1일,하락세,0.941527956
1168010100,역삼 I'PARK,서울특별시 강남구 역삼로 307,713-11번지,20300000,20210531,23430000,20220429,22060000,20230428,1월1일,하락세,0.941527956
1168010100,레미안펜타빌,서울특별시 강남구 역삼로 309,713-7번지,17500000,20210531,20350000,20220429,19170000,20230428,1월1일,하락세,0.942014742
1168010100,개나리 푸르지오,서울특별시 강남구 역삼로 314,755-1번지,20300000,20210531,23430000,20220429,22060000,20230428,1월1일,하락세,0.941527956
1168010100,개나리SK뷰,서울특별시 강남구 역삼로 315-1,716-3번지,20300000,20210531,23430000,20220429,22060000,20230428,1월1일,하락세,0.941527956
1168010100,강남웅진베어스빌,서울특별시 강남구 도곡로 113,838-10번지,27530000,20210531,30880000,20220429,29710000,20230428,1월1일,하락세,0.962111399
1168010100,래미안그레이튼(진달래2차),서울특별시 강남구 도곡로 306,539-5번지,16540000,20210531,19200000,20220429,18160000,20230428,1월1일,하락세,0.945833333
1168011200,래미안강남힐즈,서울특별시 강남구 자곡로 101,611 번지,7969000,20210531,9130000,20220429,8707000,20230428,1월1일,하락세,0.953669222
1168011200,엘에이치강남아이파크,서울특별시 강남구 자곡로 175,602 번지,7969000,20210531,9130000,20220429,8707000,20230428,1월1일,하락세,0.953669222
1168011200,강남한양수자인(4단지),서울특별시 강남구 자곡로 260,686 번지,7581000,20210531,8550000,20220429,8028000,20230428,1월1일,하락세,0.938947368
1168010100,대우디오빌플러스,서울특별시 강남구 강남대로84길 33,824-25번지,28770000,20210531,31660000,20220429,30180000,20230428,1월1일,하락세,0.953253316
1168010100,뉴엠빌라트,서울특별시 강남구 강남대로94길 27-7,635-9번지,9720000,20210531,10920000,20220429,10400000,20230428,1월1일,하락세,0.952380952
1168010100,프리우스 역삼 101동,서울특별시 강남구 강남대로94길 51-14,636-33번지,8283000,20210531,9526000,20220429,9060000,20230428,1월1일,하락세,0.951081251
1168011500,까치마을,서울특별시 강남구 광평로19길 10,746 번지,16350000,20210531,16400000,20220429,15400000,20230428,1월1일,하락세,0.93902439
1168011500,삼성,서울특별시 강남구 광평로31길 27,747 번지,16020000,20210531,16100000,20220429,15400000,20230428,1월1일,하락세,0.956521739
1168011500,강남 더샵 포레스트,서울특별시 강남구 광평로34길 35,799 번지,7481000,20210531,8635000,20220429,8159000,20230428,1월1일,하락세,0.944875507
1168011500,강남데시앙포레,서울특별시 강남구 광평로34길 55,795 번지,8676000,20210531,8700000,20220429,8600000,20230428,1월1일,하락세,0.988505747
1168011500,동익,서울특별시 강남구 광평로39길 3,738 번지,12500000,20210531,14300000,20220429,9676000,20230428,1월1일,하락세,0.676643357
1168011500,신동아,서울특별시 강남구 광평로47길 17,736 번지,12500000,20210531,14010000,20220429,9676000,20230428,1월1일,하락세,0.690649536
1168011500,수서한아름,서울특별시 강남구 광평로51길 22,712 번지,11080000,20210531,12400000,20220429,12030000,20230428,1월1일,하락세,0.97016129
1168011500,삼익아파트401동~405동,서울특별시 강남구 광평로51길 27,708 번지,11390000,20210531,12740000,20220429,12360000,20230428,1월1일,하락세,0.970172684
1168011500,수서1,서울특별시 강남구 광평로51길 49,707 번지,11080000,20210531,12400000,20220429,12030000,20230428,1월1일,하락세,0.97016129
1168011500,수서6,서울특별시 강남구 광평로56길 11,723 번지,12000000,20210531,13420000,20220429,9684000,20230428,1월1일,하락세,0.721609538
1168011500,하니움,서울특별시 강남구 광평로60길 32,721-1번지,6340000,20210531,7150000,20220429,8819000,20230428,1월1일,상승세,1.233426573
1168010100,역삼동칼라,서울특별시 강남구 논현로101길 6,607-17번지,10710000,20210531,11970000,20220429,11820000,20230428,1월1일,하락세,0.987468672
1168010100,역삼동골든베리힐,서울특별시 강남구 논현로102길 4,667-1번지,8849000,20210531,10140000,20220429,10000000,20230428,1월1일,하락세,0.986193294
1168010100,리치타워,서울특별시 강남구 논현로105길 52,604 번지,10600000,20210531,12220000,20220429,11650000,20230428,1월1일,하락세,0.953355155
1168010100,강남서해더블루,서울특별시 강남구 논현로63길 16,796-29번지,9650000,20210531,11210000,20220429,10670000,20230428,1월1일,하락세,0.951828724
1168010100,리츠빌,서울특별시 강남구 논현로64길 28,787-4번지,7415000,20210531,8484000,20220429,8047000,20230428,1월1일,하락세,0.948491278
1168010100,역삼이안애에이,서울특별시 강남구 논현로70길 14,777-2번지,6664000,20210531,7690000,20220429,7356000,20230428,1월1일,하락세,0.95656697
1168010100,역삼이안애비,서울특별시 강남구 논현로70길 16,777-49번지,6664000,20210531,7690000,20220429,7356000,20230428,1월1일,하락세,0.95656697
1168010100,불루밍코트,서울특별시 강남구 논현로71길 46,789-28번지,10250000,20210531,11780000,20220429,11230000,20230428,1월1일,하락세,0.953310696
1168010100,지석천평대,서울특별시 강남구 논현로71길 48,789-29번지,10050000,20210531,11550000,20220429,11010000,20230428,1월1일,하락세,0.953246753
1168010100,경일역삼,서울특별시 강남구 논현로72길 32,775-14번지,9528000,20210531,10940000,20220429,10430000,20230428,1월1일,하락세,0.953382084
1168010100,베스젠빌,서울특별시 강남구 논현로97길 74,633 번지,6902000,20210531,8016000,20220429,7641000,20230428,1월1일,하락세,0.953218563
1168010100,역삼르비앙1,서울특별시 강남구 도곡로11길 13,835-12번지,7745000,20210531,8805000,20220429,8352000,20230428,1월1일,하락세,0.948551959
1168010100,롯데캐슬노블,서울특별시 강남구 도곡로13길 19,835-68번지,12340000,20210531,14330000,20220429,13440000,20230428,1월1일,하락세,0.937892533
1168010100,거평빌라트,서울특별시 강남구 도곡로17길 12,794-28번지,8629000,20210531,9922000,20220429,9329000,20230428,1월1일,하락세,0.940233824
1168010100,노블카운티,서울특별시 강남구 도곡로19길 13,794-24번지,7393000,20210531,8490000,20220429,8041000,20230428,1월1일,하락세,0.947114252
1168010100,강남한솔,서울특별시 강남구 도곡로19길 17,794-19번지,8125000,20210531,9330000,20220429,8748000,20230428,1월1일,하락세,0.937620579
1168010100,역삼동월드메르디앙,서울특별시 강남구 도곡로21길 15,795-41번지,8629000,20210531,9922000,20220429,9329000,20230428,1월1일,하락세,0.940233824
1168010100,세종빌라트,서울특별시 강남구 도곡로23길 31,791-23번지,8629000,20210531,9922000,20220429,9329000,20230428,1월1일,하락세,0.940233824
1168010100,우성빌라트,서울특별시 강남구 도곡로23길 32,791-12번지,8910000,20210531,10060000,20220429,9455000,20230428,1월1일,하락세,0.939860835
1168010100,TREE HOUSE,서울특별시 강남구 도곡로23길 33,791-15번지,7845000,20210531,9020000,20220429,8559000,20230428,1월1일,하락세,0.948891353
1168010100,갤러리하우스,서울특별시 강남구 도곡로33길 16,783-3번지,6915000,20210531,8065000,20220429,7636000,20230428,1월1일,하락세,0.946807192
1168010100,한스빌(836),서울특별시 강남구 도곡로3길 26,836 번지,12420000,20210531,14110000,20220429,12000000,20230428,1월1일,하락세,0.850460666
1168010100,래미안그레이튼,서울특별시 강남구 도곡로43길 20,763-16번지,16600000,20210531,19310000,20220429,18190000,20230428,1월1일,하락세,0.941998964
1168010100,래미안그레이튼(진달래2차),서울특별시 강남구 도곡로43길 21,762-3번지,19680000,20210531,22710000,20220429,21390000,20230428,1월1일,하락세,0.941875826
1168010100,상지리츠빌역삼2차,서울특별시 강남구 도곡로43길 37,761-3번지,7635000,20210531,8700000,20220429,8230000,20230428,1월1일,하락세,0.945977011
1168010100,트레벨,서울특별시 강남구 도곡로57길 9-7,766-8번지,8459000,20210531,9639000,20220429,9118000,20230428,1월1일,하락세,0.94594875
1168010100,역삼2차아이파크,서울특별시 강남구 도곡로57길 12,765-32번지,18490000,20210531,20710000,20220429,19510000,20230428,1월1일,하락세,0.942056977
1168010100,금호어울림,서울특별시 강남구 도곡로7길 22,835-67번지,13480000,20210531,15650000,20220429,14680000,20230428,1월1일,하락세,0.938019169
1168010100,역삼열성카이스빌,서울특별시 강남구 도곡로7길 23,836-35번지,12640000,20210531,14190000,20220429,13500000,20230428,1월1일,하락세,0.951374207
1168010100,역삼예명,서울특별시 강남구 봉은사로34길 53,664-5번지,7815000,20210531,9170000,20220429,8683000,20230428,1월1일,하락세,0.946892039
1168010100,Bienestar,서울특별시 강남구 선릉로107길 16,682-1번지,9225000,20210531,10750000,20220429,10610000,20230428,1월1일,하락세,0.986976744
1168010100,성영forU,서울특별시 강남구 선릉로107길 24,681-46번지,9513000,20210531,11080000,20220429,10940000,20230428,1월1일,하락세,0.987364621
1168010100,역삼래미안,서울특별시 강남구 선릉로69길 19,757 번지,19330000,20210531,22480000,20220429,21180000,20230428,1월1일,하락세,0.942170819
1168010100,e-편한세상,서울특별시 강남구 선릉로69길 20,755-4번지,20300000,20210531,23430000,20220429,22060000,20230428,1월1일,하락세,0.941527956
1168010100,우정에쉐르멤버스,서울특별시 강남구 선릉로87길 14,708-31번지,20830000,20210531,22850000,20220429,21820000,20230428,1월1일,하락세,0.954923414
1168010100,역삼동그린비,서울특별시 강남구 언주로103길 12,656-32번지,7666000,20210531,8972000,20220429,8595000,20230428,1월1일,하락세,0.957980383
1168010100,역삼엔스위트102동,서울특별시 강남구 언주로103길 14,656-31번지,7666000,20210531,8972000,20220429,8595000,20230428,1월1일,하락세,0.957980383
1168010100,역삼엔스위트1,서울특별시 강남구 언주로103길 16,656-30번지,7666000,20210531,8972000,20220429,8595000,20230428,1월1일,하락세,0.957980383
1168010100,에벤에셀빌라트,서울특별시 강남구 언주로104길 35,685-19번지,7405000,20210531,9011000,20220429,8574000,20230428,1월1일,하락세,0.951503718
1168010100,갤러리아트,서울특별시 강남구 언주로63길 30,783-28번지,6915000,20210531,8065000,20220429,7636000,20230428,1월1일,하락세,0.946807192
1168010100,공간쉐르빌,서울특별시 강남구 언주로63길 32,783-30번지,6703000,20210531,7606000,20220429,8871000,20230428,1월1일,상승세,1.166316066
1168010100,쎄비앙 101동,서울특별시 강남구 언주로69길 31,778 번지,6590000,20210531,7405000,20220429,8545000,20230428,1월1일,상승세,1.153950034
1168010100,현대트라움,서울특별시 강남구 언주로70길 18-8,760-7번지,6579000,20210531,7272000,20220429,8565000,20230428,1월1일,상승세,1.177805281
1168010100,은하수,서울특별시 강남구 언주로70길 24,759-1번지,17320000,20210531,20140000,20220429,18780000,20230428,1월1일,하락세,0.932472691
1168010100,명인갤러리,서울특별시 강남구 언주로75길 22,729-37번지,8030000,20210531,9263000,20220429,9641000,20230428,1월1일,상승세,1.040807514
1168010100,플래티늄1,서울특별시 강남구 언주로75길 24,729-35번지,8030000,20210531,9263000,20220429,9641000,20230428,1월1일,상승세,1.040807514
1168010100,프리빌리지,서울특별시 강남구 언주로81길 28,723-16번지,10750000,20210531,10750000,20220429,9678000,20230428,1월1일,하락세,0.90027907
1168010100,탑팰리스,서울특별시 강남구 언주로81길 31,723-21번지,9785000,20210531,11100000,20220429,10520000,20230428,1월1일,하락세,0.947747748
1168010100,경남아너스빌,서울특별시 강남구 언주로85길 13,722 번지,16950000,20210531,19570000,20220429,18420000,20230428,1월1일,하락세,0.941236587
1168010100,진넥스빌2,서울특별시 강남구 언주로86길 7,706-24번지,25230000,20210531,27370000,20220429,24910000,20230428,1월1일,하락세,0.91012057
1168010100,한화진넥스빌,서울특별시 강남구 언주로86길 11,706-20번지,23940000,20210531,25970000,20220429,23630000,20230428,1월1일,하락세,0.909896034
1168010100,현대까르띠에710,서울특별시 강남구 언주로86길 12,710 번지,18300000,20210531,21280000,20220429,20050000,20230428,1월1일,하락세,0.942199248
1168010100,우정에쉐르3,서울특별시 강남구 언주로86길 25,707-13번지,22220000,20210531,24100000,20220429,22960000,20230428,1월1일,하락세,0.952697095
1168010100,우림루미아트2,서울특별시 강남구 언주로90길 4,706-10번지,17160000,20210531,19100000,20220429,18140000,20230428,1월1일,하락세,0.94973822
1168010100,우림루미아트1,서울특별시 강남구 언주로90길 6,706-11번지,17160000,20210531,19100000,20220429,18140000,20230428,1월1일,하락세,0.94973822
1168010100,좋은사람좋은집,서울특별시 강남구 언주로90길 8,706-12번지,16280000,20210531,18120000,20220429,17210000,20230428,1월1일,하락세,0.949779249
1168010100,역삼동프라임,서울특별시 강남구 언주로97길 22,664-21번지,8596000,20210531,10080000,20220429,9464000,20230428,1월1일,하락세,0.938888889
1168010100,신목양관,서울특별시 강남구 언주로97길 32,664-9번지,9010000,20210531,10450000,20220429,9937000,20230428,1월1일,하락세,0.950909091
1168010100,역삼조이너스,서울특별시 강남구 역삼로19길 12,747-1번지,11710000,20210531,13200000,20220429,12600000,20230428,1월1일,하락세,0.954545455
1168010100,노블스위트,서울특별시 강남구 역삼로19길 14,747 번지,11820000,20210531,13320000,20220429,12720000,20230428,1월1일,하락세,0.954954955
1168010100,동원스위트뷰역삼,서울특별시 강남구 역삼로19길 25,745-13번지,7715000,20210531,8925000,20220429,8459000,20230428,1월1일,하락세,0.947787115
1168010100,프리마빌,서울특별시 강남구 역삼로25길 17,727-11번지,10660000,20210531,11920000,20220429,11340000,20230428,1월1일,하락세,0.951342282
1168010100,마이다스힐빌라트,서울특별시 강남구 역삼로25길 20,728-6번지,7539000,20210531,8736000,20220429,9855000,20230428,1월1일,상승세,1.128090659
1168010100,요진와이시티미니,서울특별시 강남구 역삼로25길 21,727-9번지,10660000,20210531,11920000,20220429,11340000,20230428,1월1일,하락세,0.951342282
1168010100,대명벨리온,서울특별시 강남구 역삼로25길 27,727-2번지,12070000,20210531,13500000,20220429,12720000,20230428,1월1일,하락세,0.942222222
1168010100,예지향,서울특별시 강남구 역삼로33길 13,728-52번지,8835000,20210531,10150000,20220429,9641000,20230428,1월1일,하락세,0.949852217
1168010100,현대이스트빌,서울특별시 강남구 역삼로33길 19,728-45번지,7465000,20210531,8650000,20220429,8178000,20230428,1월1일,하락세,0.945433526
1168010100,현대하이츠,서울특별시 강남구 역삼로34길 12,775-15번지,9617000,20210531,11040000,20220429,10530000,20230428,1월1일,하락세,0.953804348
1168010100,쎄비앙 102동,서울특별시 강남구 역삼로34길 25,778-5번지,6875000,20210531,7995000,20220429,7578000,20230428,1월1일,하락세,0.947842402
1168010100,에레프,서울특별시 강남구 역삼로3길 17-4,831-29번지,19450000,20210531,22400000,20220429,21360000,20230428,1월1일,하락세,0.953571429
1168010100,오투빌(파크앤스위트),서울특별시 강남구 역삼로7길 13,830-46번지,16450000,20210531,18420000,20220429,17880000,20230428,1월1일,하락세,0.970684039
1168010100,강남역우정에쉐르,서울특별시 강남구 테헤란로10길 10,823-7번지,21040000,20210531,23470000,20220429,22410000,20230428,1월1일,하락세,0.954835961
1168010100,뜨라네1,서울특별시 강남구 테헤란로10길 25,828-21번지,15920000,20210531,18190000,20220429,17280000,20230428,1월1일,하락세,0.949972512
1168010100,뜨라네2,서울특별시 강남구 테헤란로10길 27,828-76번지,15920000,20210531,18190000,20220429,17280000,20230428,1월1일,하락세,0.949972512
1168010100,예지인,서울특별시 강남구 테헤란로10길 42,828-11번지,8235000,20210531,9445000,20220429,8988000,20230428,1월1일,하락세,0.951614611
1168010100,프리우스 역삼 102동,서울특별시 강남구 테헤란로13길 31-7,636 번지,8283000,20210531,9526000,20220429,9060000,20230428,1월1일,하락세,0.951081251
1168010100,역삼우성,서울특별시 강남구 테헤란로13길 35-6,633-11번지,6341000,20210531,7364000,20220429,7100000,20230428,1월1일,하락세,0.964149919
1168010100,(633-22)로얄팰리스,서울특별시 강남구 테헤란로13길 45,633-22번지,7190000,20210531,8350000,20220429,7960000,20230428,1월1일,하락세,0.953293413
1168010100,이스턴오피스텔,서울특별시 강남구 테헤란로14길 13,735-15번지,22270000,20210531,25000000,20220429,23810000,20230428,1월1일,하락세,0.9524
1168010100,정원,서울특별시 강남구 테헤란로14길 42,828-46번지,9223000,20210531,10570000,20220429,10060000,20230428,1월1일,하락세,0.951750237
1168010100,포스틸빌라트,서울특별시 강남구 테헤란로20길 36,741-22번지,7572000,20210531,8758000,20220429,8436000,20230428,1월1일,하락세,0.963233615
1168010100,로얄빌리지,서울특별시 강남구 테헤란로21길 18,644-6번지,10750000,20210531,12160000,20220429,11440000,20230428,1월1일,하락세,0.940789474
1168010100,한양럭스,서울특별시 강남구 테헤란로25길 58,628-1번지,11780000,20210531,13160000,20220429,13000000,20230428,1월1일,하락세,0.987841945
1168010100,이지마루 역삼,서울특별시 강남구 테헤란로27길 8-14,678-27번지,20970000,20210531,23260000,20220429,22140000,20230428,1월1일,하락세,0.951848667
1168010100,네스빌(728-10),서울특별시 강남구 테헤란로28길 47,728-10번지,7465000,20210531,8650000,20220429,8178000,20230428,1월1일,하락세,0.945433526
1168010100,역삼우정에쉐르2,서울특별시 강남구 테헤란로48길 10,707-18번지,24470000,20210531,26290000,20220429,25050000,20230428,1월1일,하락세,0.952833777
1168010100,역삼동우정에쉐르1,서울특별시 강남구 테헤란로4길 32,826-29번지,24330000,20210531,27000000,20220429,25740000,20230428,1월1일,하락세,0.953333333
1168010100,쌍용플레티넘밸류,서울특별시 강남구 테헤란로4길 46,826-37번지,24860000,20210531,27580000,20220429,26300000,20230428,1월1일,하락세,0.953589558
1168010100,테헤란아이파크,서울특별시 강남구 테헤란로52길 16,709-5번지,19140000,20210531,22260000,20220429,20970000,20230428,1월1일,하락세,0.942048518
1168010100,프라임힐,서울특별시 강남구 테헤란로5길 25,817-25번지,18260000,20210531,20900000,20220429,19660000,20230428,1월1일,하락세,0.940669856
1168010100,풍림 지오빌,서울특별시 강남구 테헤란로5길 36,635-5번지,20530000,20210531,23100000,20220429,21840000,20230428,1월1일,하락세,0.945454545
1168011200,엘에이치강남힐스테이트,서울특별시 강남구 자곡로3길 21,619 번지,7158000,20210531,8283000,20220429,7900000,20230428,1월1일,하락세,0.953760715
1168011200,엘에이치강남3단지,서울특별시 강남구 자곡로3길 22,621 번지,7223000,20210531,8366000,20220429,7979000,20230428,1월1일,하락세,0.953741334
1168011200,엘에이치강남브리즈힐,서울특별시 강남구 자곡로3길 45,618 번지,7223000,20210531,8366000,20220429,7979000,20230428,1월1일,하락세,0.953741334
1168011200,래미안포레(3단지),서울특별시 강남구 밤고개로21길 25,687 번지,7013000,20210531,7910000,20220429,7496000,20230428,1월1일,하락세,0.947661188
